PR-AUC,ROC-AUC,Recall,Precision,F1,F2,Brier
0.37217815487141537,0.6530718954248367,0.9066666666666666,0.3333333333333333,0.4874551971326165,0.6746031746031746,0.1881539225578308
0.41350369476968185,0.6477133021883452,0.9156626506024096,0.36538461538461536,0.5223367697594502,0.7037037037037037,0.1988190859556198
0.5427427808777692,0.6651955307262569,0.86,0.42786069651741293,0.5714285714285714,0.7154742096505824,0.21945688128471375
0.5473040964132649,0.6997699827487062,0.8936170212765957,0.41379310344827586,0.5656565656565656,0.7253886010362695,0.20438842475414276
0.4298615137674814,0.6615032679738562,0.8533333333333334,0.3004694835680751,0.4444444444444444,0.6237816764132553,0.1847403347492218
0.3977004716044129,0.6900872993522952,0.9402985074626866,0.3014354066985646,0.45652173913043476,0.660377358490566,0.17060726881027222
0.4823259315332572,0.6987179487179487,0.8690476190476191,0.37823834196891193,0.5270758122743683,0.6899810964083176,0.19246748089790344
0.49316895113949,0.7021760511433489,0.8674698795180723,0.36548223350253806,0.5142857142857142,0.6805293005671077,0.18991538882255554
0.4582728229131363,0.6691328077622802,0.9058823529411765,0.36666666666666664,0.5220338983050847,0.7,0.19773775339126587
0.42451543325929064,0.6759393539881345,0.8513513513513513,0.33157894736842103,0.4772727272727273,0.6481481481481481,0.17986226081848145
0.3741551766005182,0.6408980737338946,0.8717948717948718,0.3119266055045872,0.4594594594594595,0.6415094339622641,0.19417086243629456
0.45562494169660117,0.6805904522613065,0.8625,0.34673366834170855,0.4946236559139785,0.6647398843930635,0.1891152560710907
0.44101506496583376,0.6626582278481012,0.8860759493670886,0.3225806451612903,0.47297297297297297,0.6566604127579737,0.1899888962507248
0.5750185801714799,0.7078024579997745,0.8673469387755102,0.40865384615384615,0.5555555555555556,0.7083333333333334,0.2096930891275406
0.5672150873019552,0.6934751301650603,0.8431372549019608,0.4387755102040816,0.5771812080536913,0.7119205298013245,0.218673974275589
0.5389790123347264,0.6891240446796002,0.8555555555555555,0.385,0.5310344827586206,0.6875,0.20173317193984985
0.4378606102743563,0.6079935154009228,0.8641975308641975,0.32407407407407407,0.4713804713804714,0.6481481481481481,0.1981867551803589
0.4502453702074446,0.6221611721611721,0.8690476190476191,0.3492822966507177,0.49829351535836175,0.6697247706422018,0.20200416445732117
0.474278570308328,0.5774493705528189,0.7333333333333333,0.375609756097561,0.4967741935483871,0.616,0.23893430829048157
0.4467652166089989,0.6290479078229231,0.8,0.3487179487179487,0.4857142857142857,0.6355140186915887,0.20214061439037323
0.46740422248093183,0.6662850945897096,0.872093023255814,0.3694581280788177,0.5190311418685121,0.6855575868372943,0.19913329184055328
0.5105224581585884,0.668693009118541,0.8461538461538461,0.3793103448275862,0.5238095238095238,0.6790123456790124,0.20574091374874115
0.3890725064283742,0.6141185547126141,0.8701298701298701,0.3101851851851852,0.45733788395904434,0.6393129770992366,0.19415321946144104
0.4653076083330734,0.6517094017094017,0.8690476190476191,0.3476190476190476,0.4965986394557823,0.6684981684981685,0.19759954512119293
0.4537931841098939,0.6530223702998572,0.8977272727272727,0.3744075829383886,0.5284280936454849,0.7015985790408525,0.2044127881526947
0.4522505107640023,0.6511080846849078,0.8536585365853658,0.35175879396984927,0.498220640569395,0.6641366223908919,0.19570980966091156
0.44095379735232604,0.6267399267399267,0.8928571428571429,0.35046728971962615,0.5033557046979866,0.6818181818181818,0.20221087336540222
0.49988308599516995,0.6688465441425189,0.8877551020408163,0.42028985507246375,0.5704918032786885,0.7262103505843072,0.21773748099803925
0.5087149110946835,0.6682275407561569,0.8279569892473119,0.39487179487179486,0.5347222222222222,0.6790123456790124,0.2075614482164383
0.5096495413726785,0.6800460034502587,0.8829787234042553,0.39903846153846156,0.5496688741721855,0.7106164383561644,0.20851382613182068
0.4965790927775307,0.6934673366834172,0.8875,0.3317757009345794,0.48299319727891155,0.6647940074906367,0.18703989684581757
0.4425370624249742,0.6776486671223513,0.8571428571428571,0.3015075376884422,0.44609665427509293,0.6263048016701461,0.17502738535404205
0.46283564722746984,0.6392938908302206,0.813953488372093,0.33816425120772947,0.4778156996587031,0.6352087114337568,0.20149464905261993
0.4456379933638727,0.6579773869346734,0.8375,0.3284313725490196,0.47183098591549294,0.6393129770992366,0.19224008917808533
0.5115895187093272,0.6576719576719576,0.8666666666666667,0.3466666666666667,0.49523809523809526,0.6666666666666666,0.20289278030395508
0.4779412409070021,0.6828468561141829,0.8701298701298701,0.319047619047619,0.46689895470383275,0.6467181467181468,0.18373236060142517
0.5765326259355484,0.699050279329609,0.91,0.4354066985645933,0.5889967637540453,0.7471264367816092,0.21405762434005737
0.5395663099251522,0.6998922413793104,0.8620689655172413,0.3768844221105528,0.5244755244755245,0.6855575868372943,0.19534604251384735
0.3783279605971071,0.581392405063291,0.7848101265822784,0.3024390243902439,0.43661971830985913,0.5950095969289827,0.19934366643428802
0.526669766943107,0.6603483606557377,0.8020833333333334,0.385,0.5202702702702703,0.6592465753424658,0.21257656812667847
0.5060557002512289,0.7474050632911391,0.9240506329113924,0.3459715639810427,0.503448275862069,0.6925996204933587,0.18027085065841675
0.4838843618915867,0.6963007883565797,0.8941176470588236,0.3619047619047619,0.5152542372881356,0.6909090909090909,0.1930222362279892
0.44070080280267415,0.6494117647058824,0.8133333333333334,0.3034825870646766,0.4420289855072464,0.6087824351297405,0.18441157042980194
0.535210887559322,0.6970628415300546,0.8958333333333334,0.4321608040201005,0.5830508474576271,0.7375643224699828,0.21122321486473083
0.5156134747331638,0.6654819802967951,0.8765432098765432,0.3302325581395349,0.4797297297297297,0.6586270871985158,0.18965931236743927
0.4881664137782167,0.6591844369622146,0.8518518518518519,0.33658536585365856,0.4825174825174825,0.6521739130434783,0.19092419743537903
0.4838053998769464,0.6585733220869984,0.872093023255814,0.3424657534246575,0.4918032786885246,0.6660746003552398,0.19916799664497375
0.5037928549139303,0.6509400285578295,0.8181818181818182,0.35467980295566504,0.4948453608247423,0.6486486486486487,0.20299163460731506
0.45498604151915745,0.6359597848959551,0.8241758241758241,0.36764705882352944,0.5084745762711864,0.6602112676056338,0.21032211184501648
0.49738626293346605,0.6696608040201005,0.825,0.35106382978723405,0.4925373134328358,0.6496062992125984,0.18754436075687408
0.4969342189956853,0.6656155245603397,0.8117647058823529,0.350253807106599,0.48936170212765956,0.6424581005586593,0.19644257426261902
0.47197784609508453,0.671994098844357,0.8313253012048193,0.3612565445026178,0.5036496350364964,0.6596558317399618,0.1946406215429306
0.4449471130541394,0.6642223536369012,0.9101123595505618,0.38571428571428573,0.5418060200668896,0.715547703180212,0.20537151396274567
0.5138154658024492,0.6937582841306181,0.8488372093023255,0.365,0.5104895104895105,0.6709558823529411,0.19326066970825195
0.4831801939924924,0.6748131109833237,0.8617021276595744,0.405,0.5510204081632653,0.703125,0.21074700355529785
0.5057375605771002,0.6560566396953831,0.8409090909090909,0.3474178403755869,0.49169435215946844,0.6548672566371682,0.20103779435157776
0.4710663139704242,0.6259217877094971,0.91,0.4026548672566372,0.558282208588957,0.7268370607028753,0.22504346072673798
0.4160676174067741,0.6745506829618979,0.8153846153846154,0.263681592039801,0.39849624060150374,0.5748373101952278,0.16794359683990479
0.4466313278948577,0.6554430379746835,0.8227848101265823,0.3385416666666667,0.4797047970479705,0.639763779527559,0.19002275168895721
0.5463320622141593,0.6778653729533051,0.8235294117647058,0.3645833333333333,0.5054151624548736,0.6578947368421053,0.1935792863368988
0.4627213730330343,0.6887974683544303,0.9113924050632911,0.3412322274881517,0.496551724137931,0.683111954459203,0.18655085563659668
0.41424357417662927,0.5784428337619827,0.8351648351648352,0.35185185185185186,0.495114006514658,0.6551724137931034,0.2181997001171112
0.5001342338512733,0.6359694762400279,0.8602150537634409,0.37383177570093457,0.5211726384364821,0.6825938566552902,0.21262052655220032
0.42784737160733044,0.6681645569620254,0.9367088607594937,0.35071090047393366,0.5103448275862069,0.7020872865275142,0.1899074912071228
0.47285020253551246,0.6213991769547325,0.8555555555555555,0.375609756097561,0.5220338983050847,0.6814159292035398,0.21068690717220306
0.4472491113212178,0.6270100502512563,0.8375,0.3160377358490566,0.4589041095890411,0.6296992481203008,0.1934339851140976
0.36407880794074016,0.6239316239316239,0.8205128205128205,0.31840796019900497,0.45878136200716846,0.6237816764132553,0.19523264467716217
0.48814443173560595,0.6696179502728926,0.8588235294117647,0.3476190476190476,0.49491525423728816,0.6636363636363637,0.19556312263011932
0.43168090329284603,0.624111338715508,0.8255813953488372,0.3463414634146341,0.4879725085910653,0.6466302367941712,0.20493048429489136
0.4809384279867862,0.7016959798994975,0.8375,0.3582887700534759,0.50187265917603,0.6607495069033531,0.1849234402179718
0.522750739705978,0.7204145728643215,0.9125,0.3526570048309179,0.5087108013937283,0.6925996204933587,0.1822746992111206
0.579957654934922,0.6921944035346097,0.8556701030927835,0.4088669950738916,0.5533333333333333,0.7021996615905245,0.20958968997001648
0.40185027189101385,0.6338113025665741,0.8488372093023255,0.35960591133004927,0.5051903114186851,0.6672760511882998,0.20647069811820984
0.4641088085613302,0.6225083570632661,0.7926829268292683,0.33163265306122447,0.4676258992805755,0.6202290076335878,0.19620612263679504
0.5206251037439336,0.7085689697565771,0.891566265060241,0.35406698564593303,0.5068493150684932,0.6839186691312384,0.1878524273633957
0.4279608115539193,0.6766044061302681,0.8850574712643678,0.3811881188118812,0.532871972318339,0.7,0.20373961329460144
0.5477357654476639,0.74428391959799,0.925,0.3557692307692308,0.5138888888888888,0.7007575757575758,0.17968907952308655
0.4037188969724096,0.6394303797468355,0.8734177215189873,0.3415841584158416,0.49110320284697506,0.666023166023166,0.1947856843471527
0.41291831969199544,0.6365405260332796,0.8194444444444444,0.28780487804878047,0.4259927797833935,0.5983772819472617,0.18131272494792938
0.4248345489747412,0.6332278481012658,0.8481012658227848,0.3284313725490196,0.4734982332155477,0.6442307692307693,0.19358260929584503
0.48230527676544943,0.6358648210500062,0.8148148148148148,0.3316582914572864,0.4714285714285714,0.6309751434034416,0.194175586104393
0.340336308155675,0.6267259056732741,0.8428571428571429,0.28365384615384615,0.4244604316546763,0.6045081967213115,0.18371830880641937
0.36147755550494354,0.6188494128140329,0.7741935483870968,0.24242424242424243,0.36923076923076925,0.5381165919282511,0.16941207647323608
0.49449556938691186,0.6500862564692351,0.8085106382978723,0.38578680203045684,0.5223367697594502,0.6631762652705061,0.21300092339515686
0.48420919354658787,0.6842268168874581,0.9512195121951219,0.3696682464454976,0.5324232081911263,0.7235621521335807,0.19211843609809875
0.5101696188772472,0.6516834229600187,0.8571428571428571,0.3696682464454976,0.5165562913907285,0.6782608695652174,0.2065265029668808
0.5497768574591395,0.6774771649901723,0.8817204301075269,0.39805825242718446,0.5484949832775919,0.7093425605536332,0.2060859501361847
0.5406925436025039,0.6978643216080402,0.8875,0.3380952380952381,0.4896551724137931,0.6698113207547169,0.18355844914913177
0.5038295855167183,0.6637272192827748,0.9,0.38207547169811323,0.5364238410596026,0.708041958041958,0.20528437197208405
0.4756553915673354,0.687733461862875,0.8604651162790697,0.357487922705314,0.5051194539249146,0.6715063520871143,0.19716039299964905
0.4051939417265878,0.6469575200918486,0.8333333333333334,0.3299492385786802,0.4727272727272727,0.6385068762278978,0.1908024400472641
0.45073807763834517,0.6447627243668552,0.8313253012048193,0.323943661971831,0.46621621621621623,0.6330275229357798,0.19697323441505432
0.5278419654063996,0.7172836449176674,0.9024390243902439,0.37,0.524822695035461,0.7007575757575758,0.18578283488750458
0.46155776177805785,0.6741173635377755,0.8837209302325582,0.3781094527363184,0.5296167247386759,0.6972477064220184,0.19959907233715057
0.4007664845024338,0.6434404977962146,0.881578947368421,0.32211538461538464,0.47183098591549294,0.654296875,0.1891503483057022
0.442195560494687,0.6251784864350309,0.8409090909090909,0.36097560975609755,0.5051194539249146,0.6642728904847397,0.2094004601240158
0.44564940184764423,0.6523677551512231,0.8255813953488372,0.35858585858585856,0.5,0.6549815498154982,0.20324893295764923
0.41551878625531724,0.6347985347985348,0.8690476190476191,0.35436893203883496,0.503448275862069,0.6734317343173432,0.20320120453834534
0.45111123599100994,0.6504273504273504,0.8809523809523809,0.3523809523809524,0.5034013605442177,0.6776556776556777,0.2001713365316391
0.4208352153591061,0.6419823957137389,0.8461538461538461,0.32673267326732675,0.4714285714285714,0.642023346303502,0.1907585710287094
0.4979173775741036,0.6608019639934533,0.8681318681318682,0.36574074074074076,0.5146579804560261,0.6810344827586207,0.20630969107151031
0.5091808542384182,0.6960130718954249,0.8666666666666667,0.3170731707317073,0.4642857142857143,0.6435643564356436,0.17772750556468964
0.5387873514580175,0.7079738562091504,0.8666666666666667,0.30660377358490565,0.4529616724738676,0.634765625,0.17439590394496918
0.5424443312223372,0.7235955056179776,0.8876404494382022,0.39303482587064675,0.5448275862068965,0.7091561938958707,0.19440008699893951
0.5150438721889236,0.6815990593768372,0.8555555555555555,0.3869346733668342,0.532871972318339,0.6887298747763864,0.20238946378231049
0.4581280436326894,0.656043956043956,0.8690476190476191,0.3686868686868687,0.5177304964539007,0.6835205992509363,0.19855280220508575
0.45557064819726284,0.6698994252873562,0.8620689655172413,0.36585365853658536,0.5136986301369864,0.6781193490054249,0.20193472504615784
0.35661744335262413,0.6187975646879756,0.8166666666666667,0.25,0.3828125,0.5619266055045872,0.16640695929527283
0.47142646475833555,0.6450609281825253,0.8421052631578947,0.3033175355450237,0.445993031358885,0.6213592233009708,0.18522171676158905
0.4681489466163638,0.6380248373743347,0.8314606741573034,0.3756345177664975,0.5174825174825175,0.6690777576853526,0.20739421248435974
0.5405794034719061,0.7268041237113403,0.8823529411764706,0.39893617021276595,0.5494505494505495,0.7102272727272727,0.1899479478597641
0.375139861192616,0.6534518113465482,0.8857142857142857,0.2995169082125604,0.44765342960288806,0.6365503080082136,0.18170486390590668
0.483380172328177,0.6195652173913044,0.7934782608695652,0.365,0.5,0.6426056338028169,0.21246768534183502
0.4236482393273039,0.6271237498493794,0.8372093023255814,0.33962264150943394,0.48322147651006714,0.6474820143884892,0.20522521436214447
0.5315094164900628,0.6853546910755148,0.8631578947368421,0.38317757009345793,0.5307443365695793,0.6902356902356902,0.20836539566516876
0.5039925899911567,0.6386446886446886,0.8690476190476191,0.3613861386138614,0.5104895104895105,0.6784386617100372,0.19702015817165375
0.487087955839739,0.6407081837315834,0.8658536585365854,0.3480392156862745,0.4965034965034965,0.6672932330827067,0.19365118443965912
0.5474596935910968,0.6928879310344828,0.9080459770114943,0.36574074074074076,0.5214521452145214,0.700354609929078,0.19391530752182007
0.42263595419806665,0.6554430379746835,0.7848101265822784,0.31794871794871793,0.45255474452554745,0.6066536203522505,0.19162823259830475
0.4668282758152885,0.6520341360766894,0.8681318681318682,0.3872549019607843,0.535593220338983,0.6954225352112676,0.20921316742897034
0.4226588753804854,0.6149425287356323,0.8390804597701149,0.3459715639810427,0.4899328859060403,0.6529516994633273,0.20705458521842957
0.507823326744029,0.6609988776655443,0.8181818181818182,0.4090909090909091,0.5454545454545454,0.6818181818181818,0.21859799325466156
0.4907956354325953,0.6648169336384441,0.8736842105263158,0.3952380952380952,0.5442622950819672,0.7033898305084746,0.21258515119552612
0.3844245452757952,0.6008454106280192,0.7638888888888888,0.28205128205128205,0.41198501872659177,0.5693581780538303,0.18674427270889282
0.4114339384884291,0.6810746109855034,0.8493150684931506,0.3054187192118227,0.4492753623188406,0.6262626262626263,0.179419606924057
0.49152562970089353,0.6837964101303171,0.8795180722891566,0.365,0.5159010600706714,0.6860902255639098,0.19242256879806519
0.4425355828446133,0.6617553259344304,0.8717948717948718,0.33497536945812806,0.48398576512455516,0.6601941747572816,0.1892719715833664
0.4795514833186701,0.6741834170854271,0.8625,0.3399014778325123,0.4876325088339223,0.6596558317399618,0.18855543434619904
0.4667556363453378,0.6927015815400571,0.881578947368421,0.32682926829268294,0.47686832740213525,0.6581532416502947,0.18102669715881348
0.44827675723330734,0.6696835443037974,0.8734177215189873,0.3484848484848485,0.4981949458483754,0.6712062256809338,0.19008193910121918
0.38403553141522523,0.6454643048845947,0.8194444444444444,0.30256410256410254,0.4419475655430712,0.6107660455486542,0.18313169479370117
0.41447241315757377,0.64149008885851,0.8,0.27586206896551724,0.41025641025641024,0.5797101449275363,0.1786668300628662
0.48452304812019814,0.6465356893745641,0.8478260869565217,0.3804878048780488,0.5252525252525253,0.680628272251309,0.21031317114830017
0.49587217456390276,0.681154214559387,0.8390804597701149,0.365,0.5087108013937283,0.666058394160584,0.1993020921945572
0.5023220696071851,0.6945029094960999,0.8902439024390244,0.35960591133004927,0.512280701754386,0.687382297551789,0.18846337497234344
0.5075224959605628,0.691107362332811,0.8372093023255814,0.3711340206185567,0.5142857142857142,0.6691449814126395,0.19557254016399384
0.49288445272725034,0.6557913887204365,0.8117647058823529,0.345,0.4842105263157895,0.6388888888888888,0.1973542869091034
0.4962064795512032,0.7074509803921569,0.8533333333333334,0.31683168316831684,0.4620938628158845,0.6374501992031872,0.17600880563259125
0.4608811269020888,0.6635536398467433,0.9540229885057471,0.3624454148471616,0.5253164556962026,0.7192374350086655,0.20185787975788116
0.3848242189935883,0.5912107258938245,0.704225352112676,0.2631578947368421,0.3831417624521073,0.5274261603375527,0.18398824334144592
0.476453159881134,0.6551282051282051,0.8690476190476191,0.35436893203883496,0.503448275862069,0.6734317343173432,0.19683097302913666
0.4982736798333094,0.6431010928961748,0.8229166666666666,0.37264150943396224,0.512987012987013,0.662751677852349,0.21294932067394257
0.4991681320068676,0.6747472128597355,0.8421052631578947,0.3137254901960784,0.45714285714285713,0.6299212598425197,0.18167120218276978
0.4900580862890821,0.6912838925343568,0.8780487804878049,0.3380281690140845,0.488135593220339,0.6654343807763401,0.18908406794071198
0.5157480865145856,0.6566217732884398,0.8585858585858586,0.4228855721393035,0.5666666666666667,0.711892797319933,0.21929650008678436
0.465744976548353,0.6657428605856127,0.8372093023255814,0.37894736842105264,0.5217391304347826,0.6741573033707865,0.20129139721393585
0.5326306506578307,0.6768774703557312,0.8586956521739131,0.3853658536585366,0.531986531986532,0.6893542757417103,0.2053813934326172
0.46894148329414187,0.6845665708812261,0.8735632183908046,0.38578680203045684,0.5352112676056338,0.6972477064220184,0.20034369826316833
0.5013479900331191,0.5846691769768693,0.7727272727272727,0.4146341463414634,0.5396825396825397,0.6589147286821705,0.2457684725522995
0.5305105381656193,0.7014384066879764,0.8795180722891566,0.36318407960199006,0.5140845070422535,0.6848030018761726,0.1901632696390152
0.42771074518411656,0.63640522875817,0.8266666666666667,0.3054187192118227,0.4460431654676259,0.6163021868787276,0.1854650378227234
0.45245530529449446,0.6824183006535949,0.8533333333333334,0.31840796019900497,0.463768115942029,0.6387225548902196,0.18047280609607697
0.5180308537868837,0.6873982794698907,0.8586956521739131,0.4010152284263959,0.5467128027681661,0.6991150442477876,0.2058306783437729
0.42033966644847975,0.6691503267973856,0.88,0.3127962085308057,0.46153846153846156,0.6457925636007827,0.18457001447677612
0.4652643582885295,0.6851851851851851,0.8333333333333334,0.3191489361702128,0.46153846153846156,0.6302521008403361,0.1759186089038849
0.49608812081435044,0.7181322013341419,0.8823529411764706,0.373134328358209,0.5244755244755245,0.6931608133086876,0.19286663830280304
0.46569116342279016,0.6928481012658229,0.8860759493670886,0.3349282296650718,0.4861111111111111,0.6666666666666666,0.18508674204349518
0.38964897630826945,0.6073260073260073,0.8214285714285714,0.3317307692307692,0.4726027397260274,0.6341911764705882,0.20501519739627838
0.5253443811857026,0.67924760265552,0.8313253012048193,0.34328358208955223,0.4859154929577465,0.6472795497185742,0.18887019157409668
0.5356505799725523,0.6899313501144165,0.9052631578947369,0.41346153846153844,0.5676567656765676,0.7312925170068028,0.2086135596036911
0.34213529578527696,0.617634996582365,0.8857142857142857,0.30392156862745096,0.45255474452554745,0.640495867768595,0.18534521758556366
0.4721831850215359,0.6746192289386006,0.8863636363636364,0.3786407766990291,0.5306122448979592,0.6989247311827957,0.20149366557598114
0.5083649324642707,0.6927753097965865,0.9010989010989011,0.37962962962962965,0.5342019543973942,0.7068965517241379,0.20194800198078156
0.4673168764147829,0.685379746835443,0.8987341772151899,0.3497536945812808,0.5035460992907801,0.6840077071290944,0.18709251284599304
0.5080603130739154,0.6506747554785193,0.8536585365853658,0.3286384976525822,0.4745762711864407,0.6469500924214417,0.191927969455719
0.4020967106245013,0.6166092943201377,0.8072289156626506,0.335,0.4734982332155477,0.6296992481203008,0.2038360983133316
0.5008662739305216,0.6396437027849813,0.8877551020408163,0.41037735849056606,0.5612903225806452,0.7201986754966887,0.22136268019676208
0.4055801469942886,0.6047653256704981,0.8390804597701149,0.35609756097560974,0.5,0.6600361663652803,0.2109559327363968
0.3569242984201826,0.6272043745727957,0.8428571428571429,0.2822966507177033,0.4229390681003584,0.6032719836400818,0.1826191544532776
0.42242243283629366,0.6348714568226763,0.8783783783783784,0.30952380952380953,0.45774647887323944,0.642292490118577,0.18482202291488647
0.5739786543381096,0.7172964210001247,0.8641975308641975,0.34146341463414637,0.48951048951048953,0.6616257088846881,0.17996060848236084
0.5095206206154096,0.6709171455938696,0.8735632183908046,0.37073170731707317,0.5205479452054794,0.6871609403254972,0.19921115040779114
0.4602389030054159,0.6704316972205796,0.898876404494382,0.39215686274509803,0.5460750853242321,0.7142857142857143,0.20366457104682922
0.548756209560747,0.6721679125934445,0.8297872340425532,0.4,0.5397923875432526,0.6830122591943958,0.2077365219593048
0.47779173749595566,0.6960072595281307,0.9078947368421053,0.345,0.5,0.6845238095238095,0.18066264688968658
0.36432754283921415,0.637426077161363,0.8805970149253731,0.2757009345794392,0.4199288256227758,0.6120331950207469,0.1776905208826065
0.3867520606999002,0.6537225151086539,0.8571428571428571,0.33,0.47653429602888087,0.6496062992125984,0.1908997893333435
0.4661495046125895,0.6587889476778366,0.8222222222222222,0.37755102040816324,0.5174825174825175,0.6654676258992805,0.2086174041032791
0.549656542214366,0.7052910052910053,0.8777777777777778,0.37799043062200954,0.5284280936454849,0.6942003514938488,0.19786274433135986
0.47803289155120005,0.6292141165858609,0.8571428571428571,0.39622641509433965,0.5419354838709678,0.695364238410596,0.22290799021720886
0.4576970837118358,0.6759282026063438,0.891566265060241,0.35406698564593303,0.5068493150684932,0.6839186691312384,0.19422395527362823
0.42327757731386406,0.6211685823754789,0.8045977011494253,0.3333333333333333,0.4713804713804714,0.6272401433691757,0.2081780582666397
0.4041974964532265,0.6202838557066824,0.8539325842696629,0.37623762376237624,0.5223367697594502,0.6810035842293907,0.2126515954732895
0.4697523189716477,0.6131713554987211,0.8152173913043478,0.3488372093023256,0.48859934853420195,0.6432246998284734,0.21412239968776703
0.4907898927105501,0.6941772151898735,0.9240506329113924,0.3459715639810427,0.503448275862069,0.6925996204933587,0.18368613719940186
0.37408969077039667,0.5834798994974875,0.8125,0.3170731707317073,0.45614035087719296,0.6190476190476191,0.2023441195487976
0.5197478160645109,0.6882876633136779,0.8924731182795699,0.386046511627907,0.538961038961039,0.706984667802385,0.20620620250701904
0.5225271262057707,0.6880025125628141,0.8875,0.33649289099526064,0.4879725085910653,0.6685499058380414,0.1861664354801178
0.5646137725399765,0.6941391941391942,0.8452380952380952,0.3604060913705584,0.505338078291815,0.6660412757973734,0.18902502954006195
0.3921142833942232,0.6531991373112869,0.8769230769230769,0.27941176470588236,0.42379182156133827,0.6142241379310345,0.16984976828098297
0.4620527788355555,0.683367902514908,0.8552631578947368,0.3125,0.45774647887323944,0.634765625,0.1815185546875
0.4665347880714028,0.6426318981200727,0.8352941176470589,0.3480392156862745,0.4913494809688581,0.6525735294117647,0.20030874013900757
0.42913907751616037,0.6634810126582278,0.8607594936708861,0.3417085427135678,0.4892086330935252,0.6601941747572816,0.1912442445755005
0.514934636142748,0.6520985084980923,0.8387096774193549,0.3696682464454976,0.5131578947368421,0.6689536878216124,0.20973318815231323
0.4873114627379621,0.6518587795183539,0.8241758241758241,0.38071065989847713,0.5208333333333334,0.6684491978609626,0.20966877043247223
0.5049219107060018,0.6916617386162035,0.8876404494382022,0.3872549019607843,0.5392491467576792,0.7053571428571429,0.19865639507770538
0.4335783570073953,0.6579084967320262,0.8266666666666667,0.3054187192118227,0.4460431654676259,0.6163021868787276,0.18498139083385468
0.5426667957575246,0.6911181601903251,0.8969072164948454,0.4371859296482412,0.5878378378378378,0.7410562180579217,0.2107398509979248
0.5559979377689427,0.7291432846988403,0.8518518518518519,0.345,0.49110320284697506,0.6583969465648855,0.17858493328094482
0.500828653695648,0.7240601503759398,0.8428571428571429,0.30256410256410254,0.44528301886792454,0.6210526315789474,0.1663869023323059
0.49292625287518166,0.6443184475099369,0.7802197802197802,0.3717277486910995,0.5035460992907801,0.6396396396396397,0.20882727205753326
0.407540608738425,0.6021984924623116,0.825,0.3235294117647059,0.4647887323943662,0.6297709923664122,0.19946888089179993
0.4292105032434308,0.6402638190954774,0.925,0.34579439252336447,0.5034013605442177,0.6928838951310862,0.19492386281490326
0.40586481342670133,0.6980316531453651,0.8904109589041096,0.3217821782178218,0.4727272727272727,0.6578947368421053,0.1796758472919464
0.35730867891481666,0.5956862745098039,0.88,0.3055555555555556,0.4536082474226804,0.6395348837209303,0.1932186484336853
0.4679622374118754,0.6716355363984674,0.8850574712643678,0.385,0.5365853658536586,0.7025547445255474,0.2008790671825409
0.4962253405597793,0.6544285063752276,0.8333333333333334,0.38461538461538464,0.5263157894736842,0.6756756756756757,0.21548284590244293
0.44976828526215923,0.6683715461493239,0.8666666666666667,0.38613861386138615,0.5342465753424658,0.693950177935943,0.20702585577964783
0.47034538967518474,0.6367521367521367,0.8205128205128205,0.29906542056074764,0.4383561643835616,0.6083650190114068,0.1877986192703247
0.4822103361217288,0.6785175879396985,0.8625,0.34328358208955223,0.49110320284697506,0.6621880998080614,0.1883889138698578
0.5058173715139281,0.679963001503064,0.9247311827956989,0.4075829383886256,0.5657894736842105,0.7375643224699828,0.20891140401363373
0.4815422563084058,0.6638751656826125,0.8604651162790697,0.3523809523809524,0.5,0.6678700361010831,0.199931338429451
0.4469215718372117,0.5808532899325738,0.8043478260869565,0.3490566037735849,0.4868421052631579,0.6379310344827587,0.21708662807941437
0.4658922842622662,0.6384732288987607,0.8351648351648352,0.37438423645320196,0.5170068027210885,0.6701940035273368,0.20957103371620178
0.5404237428820233,0.7152209492635024,0.9010989010989011,0.3942307692307692,0.5484949832775919,0.7167832167832168,0.1994103044271469
0.42419429926459357,0.6760130718954249,0.88,0.3188405797101449,0.46808510638297873,0.650887573964497,0.18357323110103607
0.4855940348202089,0.6888077256407081,0.9146341463414634,0.3588516746411483,0.5154639175257731,0.6983240223463687,0.18995849788188934
0.38628944684599203,0.6021324354657687,0.7901234567901234,0.32,0.4555160142348754,0.6106870229007634,0.20176172256469727
0.46164638048946194,0.6705738705738705,0.8809523809523809,0.3627450980392157,0.5138888888888888,0.6851851851851852,0.19554610550403595
0.4580243466462677,0.7101845522898155,0.8428571428571429,0.30256410256410254,0.44528301886792454,0.6210526315789474,0.16960854828357697
0.41905141457472794,0.6477386934673367,0.8625,0.3209302325581395,0.46779661016949153,0.6448598130841121,0.1936163753271103
0.4629218202768243,0.6407995296884186,0.8666666666666667,0.3611111111111111,0.5098039215686274,0.6770833333333334,0.20842185616493225
0.4457667722582464,0.6651303820497272,0.8823529411764706,0.36231884057971014,0.5136986301369864,0.6855575868372943,0.19909678399562836
0.4441328937306284,0.6611111111111111,0.8571428571428571,0.35121951219512193,0.4982698961937716,0.6654343807763401,0.19729597866535187
0.5076689456853515,0.7016455696202532,0.8607594936708861,0.3285024154589372,0.4755244755244755,0.6500956022944551,0.18452340364456177
0.4032142029097253,0.6206512318930296,0.8414634146341463,0.3415841584158416,0.4859154929577465,0.6509433962264151,0.200015127658844
0.5516325017416609,0.7180366646954464,0.8539325842696629,0.3671497584541063,0.5135135135135135,0.6749555950266429,0.19393157958984375
0.5599908315624935,0.6586754241926656,0.8476190476190476,0.4320388349514563,0.572347266881029,0.7108626198083067,0.22617307305335999
0.47560717788634704,0.6755653266331659,0.8375,0.32211538461538464,0.4652777777777778,0.634469696969697,0.1882467269897461
0.4553051677800004,0.6709150326797386,0.88,0.3251231527093596,0.4748201438848921,0.6560636182902585,0.18111826479434967
0.47028348802779796,0.6900114810562571,0.8589743589743589,0.33668341708542715,0.48375451263537905,0.6555772994129159,0.1831427663564682
0.5377741732386061,0.7169538498614292,0.872093023255814,0.3712871287128713,0.5208333333333334,0.6868131868131868,0.19014689326286316
0.5017314402895694,0.6638290675386176,0.8469387755102041,0.4068627450980392,0.5496688741721855,0.6963087248322147,0.21757572889328003
0.49437273730339526,0.6873802681992337,0.8620689655172413,0.352112676056338,0.5,0.6684491978609626,0.1978520303964615
0.5804307459823953,0.7230407329454005,0.8902439024390244,0.3526570048309179,0.5051903114186851,0.6822429906542056,0.18433041870594025
0.46412370579446877,0.6070938215102974,0.8210526315789474,0.3611111111111111,0.5016077170418006,0.6543624161073825,0.22013691067695618
0.5342479406489421,0.7102662971442343,0.9302325581395349,0.39800995024875624,0.5574912891986062,0.7339449541284404,0.19171349704265594
0.5613275559198988,0.7239858906525574,0.8777777777777778,0.4010152284263959,0.5505226480836237,0.7091561938958707,0.19732128083705902
0.4687546645809299,0.6674348089751365,0.8823529411764706,0.35545023696682465,0.5067567567567568,0.6805807622504537,0.19646084308624268
0.40294287569824666,0.6247267583901247,0.8181818181818182,0.3014354066985646,0.4405594405594406,0.6092843326885881,0.1914825737476349
0.4891676563641957,0.7237530297231789,0.8846153846153846,0.35384615384615387,0.5054945054945055,0.6804733727810651,0.18206365406513214
0.546909380900592,0.7135416666666666,0.8735632183908046,0.37254901960784315,0.5223367697594502,0.6884057971014492,0.1928429901599884
0.46858663971981207,0.6828104575163398,0.9333333333333333,0.3333333333333333,0.49122807017543857,0.6862745098039216,0.18055523931980133
0.5530747515253343,0.6850502948317725,0.8172043010752689,0.37073170731707317,0.5100671140939598,0.658578856152513,0.20387078821659088
0.4620409680984364,0.6711055276381909,0.8375,0.32057416267942584,0.46366782006920415,0.6332703213610587,0.18912100791931152
0.5730582421301202,0.7510006064281383,0.9176470588235294,0.37142857142857144,0.5288135593220339,0.7090909090909091,0.18374338746070862
0.4126299105345703,0.6494450822809031,0.8717948717948718,0.32075471698113206,0.4689655172413793,0.648854961832061,0.19083639979362488
0.40212102627923024,0.6454106280193237,0.8260869565217391,0.28217821782178215,0.42066420664206644,0.5962343096234309,0.1770961433649063
0.4243751527533627,0.6564698492462312,0.9125,0.3443396226415094,0.5,0.6860902255639098,0.19341623783111572
0.4353253298119505,0.6460034502587695,0.8617021276595744,0.39705882352941174,0.5436241610738255,0.6982758620689655,0.21502599120140076
0.50800570516641,0.6823825915908532,0.8433734939759037,0.3465346534653465,0.49122807017543857,0.6554307116104869,0.19061627984046936
0.4423493759332042,0.7055109070034442,0.8589743589743589,0.34183673469387754,0.48905109489051096,0.6594488188976378,0.18382170796394348
0.5088067583352706,0.6828924162257496,0.8888888888888888,0.38095238095238093,0.5333333333333333,0.7017543859649122,0.20235267281532288
0.43007147132501566,0.6315032679738564,0.7866666666666666,0.3089005235602094,0.44360902255639095,0.6008146639511202,0.1860605925321579
0.43537457926675893,0.6792125789278196,0.9024390243902439,0.3523809523809524,0.5068493150684932,0.6877323420074349,0.19275884330272675
0.41918580359123125,0.6740990407052113,0.881578947368421,0.34536082474226804,0.4962962962962963,0.6726907630522089,0.18584999442100525
0.5179009614878769,0.6991908614945264,0.8977272727272727,0.38164251207729466,0.535593220338983,0.7066189624329159,0.1957082897424698
0.5218855283141575,0.6737386654266451,0.8478260869565217,0.3696682464454976,0.5148514851485149,0.6735751295336787,0.20568473637104034
0.5054538980454291,0.6576455459434183,0.8241758241758241,0.3640776699029126,0.5050505050505051,0.6578947368421053,0.2069607824087143
0.45904030583246347,0.6302083333333334,0.8390804597701149,0.3443396226415094,0.4882943143812709,0.6517857142857143,0.2041424959897995
0.4102879973074753,0.6583006535947713,0.84,0.3073170731707317,0.45,0.6237623762376238,0.18538479506969452
0.48054729681681296,0.6714370195150798,0.8876404494382022,0.3798076923076923,0.531986531986532,0.700354609929078,0.20197439193725586
0.3841541577044175,0.6613227893601725,0.8307692307692308,0.27411167512690354,0.4122137404580153,0.5908096280087527,0.1693396121263504
0.4540471081501847,0.6358974358974359,0.8571428571428571,0.34285714285714286,0.4897959183673469,0.6593406593406593,0.19998712837696075
0.5163749105763312,0.6855645258464875,0.8255813953488372,0.3622448979591837,0.5035460992907801,0.6574074074074074,0.1947985589504242
0.4240851216048241,0.6187386294724075,0.8823529411764706,0.33783783783783783,0.48859934853420195,0.6672597864768683,0.2039206475019455
0.4081154042841271,0.6059761472647135,0.7894736842105263,0.2912621359223301,0.425531914893617,0.5882352941176471,0.19130264222621918
0.42804051153811185,0.6372725095785441,0.9080459770114943,0.3640552995391705,0.5197368421052632,0.6991150442477876,0.2063782960176468
0.5047034809351703,0.6445658424381828,0.8404255319148937,0.39303482587064675,0.535593220338983,0.6845753899480069,0.21336296200752258
0.4218132432102844,0.648962148962149,0.8571428571428571,0.3564356435643564,0.5034965034965035,0.6691449814126395,0.2008742392063141
0.40689485837577133,0.6545242416385793,0.8289473684210527,0.3197969543147208,0.46153846153846156,0.6287425149700598,0.1869022399187088
0.4327424058818397,0.6471004243281471,0.8701298701298701,0.32524271844660196,0.4734982332155477,0.6517509727626459,0.1885308176279068
0.528853004971918,0.6959037105998138,0.8493150684931506,0.3163265306122449,0.46096654275092935,0.6352459016393442,0.1726832538843155
0.5320052730863373,0.7063492063492063,0.8571428571428571,0.3582089552238806,0.5052631578947369,0.6703910614525139,0.18773068487644196
0.4439665632219109,0.631534263189812,0.8823529411764706,0.3588516746411483,0.5102040816326531,0.6830601092896175,0.20317378640174866
0.4652305228587744,0.6761918037357123,0.8235294117647058,0.2931937172774869,0.43243243243243246,0.6047516198704104,0.16919152438640594
0.5348251072415684,0.7033761128454157,0.8924731182795699,0.38967136150234744,0.5424836601307189,0.7094017094017094,0.20474514365196228
0.4496619087586299,0.6439053972104306,0.8352941176470589,0.33490566037735847,0.4781144781144781,0.6431159420289855,0.2004002183675766
0.5375299413461864,0.6838321253214871,0.8131868131868132,0.38341968911917096,0.5211267605633803,0.6642728904847397,0.20259584486484528
0.3376311129900259,0.5860784313725491,0.8266666666666667,0.30097087378640774,0.4412811387900356,0.6126482213438735,0.1960805207490921
0.5127903270939805,0.6452449249779346,0.912621359223301,0.415929203539823,0.5714285714285714,0.7366771159874608,0.22540941834449768
0.5838615731805721,0.7236919459141682,0.8666666666666667,0.39195979899497485,0.5397923875432526,0.6976744186046512,0.19339542090892792
0.4610419867221757,0.6652608748041934,0.872093023255814,0.3694581280788177,0.5190311418685121,0.6855575868372943,0.19948835670948029
0.5224321984633548,0.6977459016393442,0.90625,0.39545454545454545,0.5506329113924051,0.7201986754966887,0.2091548591852188
0.4713958707485817,0.6257847012322716,0.7608695652173914,0.36082474226804123,0.48951048951048953,0.6227758007117438,0.2133943885564804
0.49929557428511473,0.6859254878769958,0.8876404494382022,0.3969849246231156,0.5486111111111112,0.7117117117117117,0.2017466276884079
0.4779785951489522,0.6296722254169063,0.8191489361702128,0.375609756097561,0.5150501672240803,0.6626506024096386,0.21450211107730865
0.39183678019957296,0.5974990714374149,0.8414634146341463,0.32701421800947866,0.4709897610921502,0.640074211502783,0.20360980927944183
0.5138696714771739,0.7094218150303331,0.9024390243902439,0.3425925925925926,0.4966442953020134,0.6801470588235294,0.1864398866891861
0.4615508071189479,0.6530455351862803,0.8426966292134831,0.375,0.5190311418685121,0.6744604316546763,0.20694904029369354
0.4333484091201185,0.6711560044893379,0.9382716049382716,0.35023041474654376,0.5100671140939598,0.7024029574861368,0.1931193619966507
0.5329257444698473,0.6954561220950399,0.8924731182795699,0.3952380952380952,0.5478547854785478,0.7130584192439863,0.203887477517128
0.47605755592827936,0.6711049524039041,0.8604651162790697,0.3681592039800995,0.5156794425087108,0.6788990825688074,0.1993250697851181
0.5119441207204558,0.6790268664107961,0.8780487804878049,0.34782608695652173,0.4982698961937716,0.6728971962616822,0.19048601388931274
0.44508354397570504,0.6694317196979076,0.8536585365853658,0.3553299492385787,0.5017921146953405,0.6666666666666666,0.1940266638994217
0.4694426491923558,0.6538328130419702,0.8172043010752689,0.38578680203045684,0.5241379310344828,0.6678383128295254,0.21194088459014893
0.4650788763226458,0.6474861771891475,0.8181818181818182,0.3197969543147208,0.45985401459854014,0.6237623762376238,0.18660512566566467
0.5115234575366838,0.7006314225578805,0.8658536585365854,0.35148514851485146,0.5,0.6698113207547169,0.1866045594215393
0.4077859543178408,0.618453405458569,0.8072289156626506,0.32057416267942584,0.4589041095890411,0.6192236598890942,0.20171378552913666
0.518580205067268,0.6701543137713349,0.8681318681318682,0.3853658536585366,0.5337837837837838,0.6942003514938488,0.20455913245677948
0.5143419096437865,0.6416201117318436,0.83,0.39712918660287083,0.5372168284789643,0.6814449917898193,0.22125788033008575
0.5441793252505674,0.7312929268586578,0.9302325581395349,0.39215686274509803,0.5517241379310345,0.7299270072992701,0.19040922820568085
0.4805924637472947,0.6808049162549705,0.8837209302325582,0.36363636363636365,0.5152542372881356,0.6871609403254972,0.19808204472064972
0.4664396749884451,0.6614059428835704,0.8924731182795699,0.3933649289099526,0.5460526315789473,0.7118353344768439,0.21185600757598877
0.45921407561764294,0.619179789282882,0.8144329896907216,0.38164251207729466,0.5197368421052632,0.6638655462184874,0.2232670933008194
0.4470140337810276,0.6873115577889447,0.8875,0.34299516908212563,0.49477351916376305,0.6736242884250474,0.1895926147699356
0.38591149800529573,0.6711132177681474,0.9436619718309859,0.3116279069767442,0.46853146853146854,0.6713426853707415,0.18269921839237213
0.4333790401406686,0.6609261385380788,0.8205128205128205,0.32323232323232326,0.463768115942029,0.6274509803921569,0.1886543482542038
0.5441698786372566,0.7077504023771202,0.8902439024390244,0.35609756097560974,0.5087108013937283,0.6848030018761726,0.18577957153320312
0.4784444727210472,0.6731379731379732,0.8928571428571429,0.3712871287128713,0.5244755244755245,0.6970260223048327,0.1959260106086731
0.43182297697254224,0.6137659187386295,0.8705882352941177,0.3474178403755869,0.4966442953020134,0.6690777576853526,0.20482973754405975
0.3724856010597942,0.5794330916282135,0.7297297297297297,0.27411167512690354,0.3985239852398524,0.5476673427991886,0.1908990740776062
0.4681475250111504,0.6597331716191631,0.8470588235294118,0.3412322274881517,0.4864864864864865,0.6533575317604355,0.1972346156835556
0.4460959514012871,0.6634460547504026,0.8333333333333334,0.31088082901554404,0.4528301886792453,0.6237006237006237,0.17739616334438324
0.38979126909855405,0.6733342626149986,0.8382352941176471,0.2864321608040201,0.42696629213483145,0.6050955414012739,0.1740114986896515
0.506091560301725,0.7278989667049369,0.9230769230769231,0.34951456310679613,0.5070422535211268,0.694980694980695,0.179609477519989
0.4500698625751053,0.6514629948364887,0.8795180722891566,0.3686868686868687,0.5195729537366548,0.6886792452830188,0.19745726883411407
0.5700248669457161,0.7025594768294059,0.8775510204081632,0.42786069651741293,0.5752508361204013,0.7251264755480608,0.20961512625217438
0.454850324531744,0.6558273911974428,0.8554216867469879,0.3622448979591837,0.5089605734767025,0.6723484848484849,0.19692841172218323
0.48955397655303484,0.6898483849703362,0.8648648648648649,0.3121951219512195,0.45878136200716846,0.6387225548902196,0.17737634479999542
0.46256518746770725,0.6849883329012185,0.868421052631579,0.3350253807106599,0.4835164835164835,0.6586826347305389,0.18259046971797943
0.3852057405184819,0.5971231866240472,0.8433734939759037,0.34146341463414637,0.4861111111111111,0.6517690875232774,0.20556382834911346
0.4680830712883431,0.7047846889952154,0.9,0.3165829145728643,0.4684014869888476,0.6576200417536534,0.17066313326358795
0.5132765103757404,0.674141876430206,0.9052631578947369,0.41148325358851673,0.5657894736842105,0.7300509337860781,0.210679829120636
0.5584084912522859,0.7085831863609642,0.8555555555555555,0.375609756097561,0.5220338983050847,0.6814159292035398,0.19618827104568481
0.5018673893978058,0.665923605253645,0.8372093023255814,0.3444976076555024,0.488135593220339,0.650994575045208,0.19861842691898346
0.546978446072018,0.6899875972488443,0.8877551020408163,0.42857142857142855,0.5780730897009967,0.7310924369747899,0.21282412111759186
0.4552648338289851,0.687906283856988,0.8591549295774648,0.3112244897959184,0.45692883895131087,0.6354166666666666,0.17374704778194427
0.5217545066935291,0.6759995323825111,0.8461538461538461,0.38308457711442784,0.5273972602739726,0.6814159292035398,0.20459772646427155
0.3810690538757402,0.5887086048676686,0.7671232876712328,0.27586206896551724,0.4057971014492754,0.5656565656565656,0.18831895291805267
0.42574142730367154,0.5749852158486103,0.7640449438202247,0.3487179487179487,0.4788732394366197,0.617059891107078,0.2154759168624878
0.5034446159288349,0.6420908593322386,0.8857142857142857,0.43457943925233644,0.5830721003134797,0.7334384858044164,0.23109354078769684
0.5096353919437038,0.6921798111450992,0.863013698630137,0.30434782608695654,0.45,0.6312625250501002,0.17400164902210236
0.4722319826426355,0.6604874254602023,0.8552631578947368,0.3155339805825243,0.46099290780141844,0.6372549019607843,0.18357959389686584
0.43614899396343176,0.6103468547912992,0.8777777777777778,0.37264150943396224,0.5231788079470199,0.6905594405594405,0.21459555625915527
0.5067386330728464,0.6720247837269114,0.8791208791208791,0.3864734299516908,0.5369127516778524,0.7005253940455342,0.20587722957134247
0.4693402270026811,0.6668936486319178,0.7926829268292683,0.3532608695652174,0.48872180451127817,0.634765625,0.19279512763023376
0.48601901565984573,0.6665419628382592,0.9012345679012346,0.3411214953271028,0.49491525423728816,0.6784386617100372,0.1897217184305191
0.551782858813188,0.6987743931461208,0.8863636363636364,0.35944700460829493,0.5114754098360655,0.6854130052724078,0.19446614384651184
0.42156528147245037,0.6238320520402129,0.898876404494382,0.3524229074889868,0.5063291139240507,0.6861063464837049,0.2096223533153534
0.4136288024885394,0.6670588235294118,0.84,0.3247422680412371,0.4684014869888476,0.6376518218623481,0.18593108654022217
0.45496502737700484,0.6195876288659794,0.8235294117647058,0.33980582524271846,0.48109965635738833,0.6410256410256411,0.2023400515317917
0.5438844435479828,0.7047738693467337,0.9,0.33488372093023255,0.488135593220339,0.6728971962616822,0.18320579826831818
0.454208230935935,0.6715461493239271,0.8777777777777778,0.3891625615763547,0.5392491467576792,0.7015985790408525,0.2054225504398346
0.4068790939867033,0.6749145591250855,0.9142857142857143,0.3004694835680751,0.45229681978798586,0.6490872210953347,0.17711853981018066
0.3873686846960833,0.6314407814407815,0.8571428571428571,0.34951456310679613,0.496551724137931,0.6642066420664207,0.20367136597633362
0.4171030138999798,0.6528894472361808,0.925,0.3474178403755869,0.5051194539249146,0.6941838649155723,0.19459068775177002
0.44533615164180357,0.6329075792264127,0.8604651162790697,0.35406698564593303,0.5016949152542373,0.6690777576853526,0.20384564995765686
0.4992670332693411,0.7146152886893629,0.8518518518518519,0.359375,0.5054945054945055,0.6686046511627907,0.1861310750246048
0.5096160279388544,0.678415138971023,0.8876404494382022,0.37799043062200954,0.5302013422818792,0.6991150442477876,0.20062677562236786
0.4590541329247223,0.6854523950325252,0.8876404494382022,0.38349514563106796,0.535593220338983,0.702846975088968,0.20298835635185242
0.4949377342530675,0.6703355544978582,0.8863636363636364,0.3696682464454976,0.5217391304347826,0.6927175843694494,0.20070652663707733
0.47167408613317297,0.673726796763446,0.8522727272727273,0.36764705882352944,0.5136986301369864,0.6744604316546763,0.2014579325914383
0.4680871989727983,0.6475315729047073,0.8589743589743589,0.3116279069767442,0.45733788395904434,0.635673624288425,0.1874886453151703
0.4043319207560085,0.6667095280956667,0.8571428571428571,0.33,0.47653429602888087,0.6496062992125984,0.18775232136249542
0.4363642191225366,0.6274249909627667,0.8604651162790697,0.34101382488479265,0.4884488448844885,0.6595365418894831,0.20392195880413055
0.4598073521528875,0.6048047696983867,0.8241758241758241,0.3640776699029126,0.5050505050505051,0.6578947368421053,0.21380867063999176
0.4292865104572916,0.6348045242193263,0.8674698795180723,0.33962264150943394,0.488135593220339,0.6617647058823529,0.19944065809249878
0.48386912950988425,0.695504721372523,0.8904109589041096,0.33505154639175255,0.4868913857677903,0.668724279835391,0.17520758509635925
0.4450030930132715,0.6785066113559762,0.868421052631579,0.3283582089552239,0.47653429602888087,0.6534653465346535,0.18313375115394592
0.47805942173060695,0.6061994288434079,0.8068181818181818,0.35148514851485146,0.4896551724137931,0.6407942238267148,0.20636576414108276
0.4479004765047799,0.6417828987265009,0.7529411764705882,0.33507853403141363,0.463768115942029,0.6026365348399246,0.20071712136268616
0.4964176939412026,0.7059493670886077,0.8987341772151899,0.3333333333333333,0.4863013698630137,0.6710775047258979,0.18276436626911163
0.5683680325388633,0.7011339724105682,0.8901098901098901,0.38388625592417064,0.5364238410596026,0.7043478260869566,0.1984623819589615
0.5132492953011427,0.740927796483352,0.9135802469135802,0.35071090047393366,0.5068493150684932,0.6915887850467289,0.18234620988368988
0.4576322233952796,0.6150741053138933,0.7790697674418605,0.319047619047619,0.4527027027027027,0.6046931407942239,0.2038325071334839
0.40979329562326655,0.6153164556962025,0.8481012658227848,0.32367149758454106,0.46853146853146854,0.6405353728489483,0.19748131930828094
0.48212532963786836,0.7335702706073076,0.9382716049382716,0.3671497584541063,0.5277777777777778,0.7156308851224106,0.18532267212867737
0.4411331511933356,0.6684526087511162,0.8589743589743589,0.3333333333333333,0.48028673835125446,0.6530214424951267,0.18816500902175903
0.510142310487336,0.6267519055815097,0.7831325301204819,0.3140096618357488,0.4482758620689655,0.6029684601113172,0.19474942982196808
0.4515425745617313,0.7074489123269612,0.8783783783783784,0.325,0.4744525547445255,0.655241935483871,0.17852118611335754
0.42398057911702985,0.6515703517587939,0.85,0.3285024154589372,0.4738675958188153,0.6451612903225806,0.19257086515426636
0.4643914139157586,0.6644332431767888,0.9036144578313253,0.35377358490566035,0.5084745762711864,0.6893382352941176,0.1951816976070404
0.49430666155297287,0.687616909839132,0.8888888888888888,0.3317972350230415,0.48322147651006714,0.6654343807763401,0.1880778819322586
0.5627977906889244,0.6969254150105215,0.8571428571428571,0.37320574162679426,0.52,0.680628272251309,0.20019082725048065
0.518929204650884,0.7067019400352733,0.8777777777777778,0.395,0.5448275862068965,0.7053571428571429,0.20123815536499023
0.53169640104805,0.7105518496058217,0.9058823529411765,0.3701923076923077,0.5255972696245734,0.7025547445255474,0.18930961191654205
0.4203501917295582,0.6724958210106725,0.922077922077922,0.33490566037735847,0.4913494809688581,0.6826923076923077,0.18742312490940094
0.5637997102917779,0.7200254364666436,0.8924731182795699,0.4256410256410256,0.5763888888888888,0.7319223985890653,0.20124885439872742
0.43632611706944896,0.6059153612345101,0.8461538461538461,0.3632075471698113,0.5082508250825083,0.6684027777777778,0.21487173438072205
0.40760735637154266,0.6278583722645684,0.8554216867469879,0.35148514851485146,0.4982456140350877,0.6647940074906367,0.20248852670192719
0.5076903451024618,0.6690268494392206,0.845360824742268,0.4,0.543046357615894,0.6913996627318718,0.21433095633983612
0.43810056823318727,0.6522784810126583,0.8354430379746836,0.3173076923076923,0.45993031358885017,0.6297709923664122,0.18976086378097534
0.43033439300457815,0.6152014652014652,0.8571428571428571,0.33488372093023255,0.4816053511705686,0.6533575317604355,0.20242290198802948
0.5974207048266005,0.7251061249241965,0.8941176470588236,0.36363636363636365,0.5170068027210885,0.692167577413479,0.18701113760471344
0.5225743902916978,0.6449430600969669,0.8469387755102041,0.39903846153846156,0.5424836601307189,0.6916666666666667,0.21901771426200867
0.5060432241548898,0.6681084872574233,0.8461538461538461,0.3719806763285024,0.5167785234899329,0.6742556917688266,0.204910546541214
0.4987847000376538,0.6638854436802345,0.8775510204081632,0.3926940639269406,0.5425867507886435,0.7037643207855974,0.2153625339269638
0.4812225820562497,0.6796085040186673,0.8421052631578947,0.3137254901960784,0.45714285714285713,0.6299212598425197,0.180616557598114
0.48161209651929027,0.6106407322654462,0.8105263157894737,0.36666666666666664,0.5049180327868853,0.652542372881356,0.2187606394290924
0.42848609567210777,0.6560047878707274,0.8356164383561644,0.30049261083743845,0.4420289855072464,0.6161616161616161,0.18122844398021698
0.4912713861391127,0.6521299381247025,0.8522727272727273,0.3605769230769231,0.5067567567567568,0.6696428571428571,0.20253007113933563
0.36842714027915463,0.6365607858145171,0.8846153846153846,0.33658536585365856,0.4876325088339223,0.6673114119922631,0.19447210431098938
0.4603397381618526,0.6392587939698492,0.825,0.3283582089552239,0.4697508896797153,0.6333973128598849,0.19313065707683563
0.46736555910030714,0.6198833888624464,0.8295454545454546,0.3476190476190476,0.4899328859060403,0.6494661921708185,0.20602098107337952
0.4929484103444417,0.6548821548821548,0.8024691358024691,0.33678756476683935,0.4744525547445255,0.6286266924564797,0.19113339483737946
0.4435676045075262,0.611303701869506,0.8292682926829268,0.3238095238095238,0.4657534246575342,0.6319702602230484,0.19891168177127838
0.5153149846356958,0.6642563198118754,0.8222222222222222,0.36097560975609755,0.5016949152542373,0.6548672566371682,0.20353607833385468
0.47247812964228264,0.686746231155779,0.85,0.34,0.4857142857142857,0.6538461538461539,0.18738502264022827
0.4614874998495776,0.6632555925749642,0.8409090909090909,0.37373737373737376,0.5174825174825175,0.6727272727272727,0.20376229286193848
0.445329354809587,0.6606217616580311,0.9069767441860465,0.3696682464454976,0.5252525252525253,0.7027027027027027,0.20226721465587616
0.44025558485346905,0.6600222855020428,0.8780487804878049,0.33488372093023255,0.48484848484848486,0.6629834254143646,0.19347983598709106
0.4755772846005776,0.7149367088607594,0.8734177215189873,0.3415841584158416,0.49110320284697506,0.666023166023166,0.18359237909317017
0.47611852763841034,0.7035789998752962,0.8641975308641975,0.35,0.498220640569395,0.6679389312977099,0.1874249130487442
0.42941269124644155,0.6142840038314177,0.7931034482758621,0.3399014778325123,0.47586206896551725,0.6261343012704175,0.20804455876350403
0.3845945369423488,0.6316582914572864,0.8625,0.33495145631067963,0.4825174825174825,0.655893536121673,0.19784952700138092
0.37692506684621824,0.6593578118031813,0.9193548387096774,0.2590909090909091,0.40425531914893614,0.6089743589743589,0.16716739535331726
0.512456618447892,0.6664729132759822,0.8586956521739131,0.3872549019607843,0.5337837837837838,0.6905594405594405,0.20726431906223297
0.46467877082581943,0.6069189828503845,0.8651685393258427,0.35,0.49838187702265374,0.6684027777777778,0.20975272357463837
0.5017714077960189,0.6457093821510298,0.8736842105263158,0.3878504672897196,0.5372168284789643,0.6986531986531986,0.21490560472011566
0.4808211711982584,0.7103584640898074,0.8589743589743589,0.3383838383838384,0.4855072463768116,0.6568627450980392,0.18128539621829987
0.46451561197419294,0.686719223771983,0.8823529411764706,0.3605769230769231,0.5119453924914675,0.6843065693430657,0.19554674625396729
0.4766520763704166,0.7075350392182075,0.922077922077922,0.33649289099526064,0.4930555555555556,0.6840077071290944,0.1808009296655655
0.47329358963280743,0.6706776819923372,0.896551724137931,0.35294117647058826,0.5064935064935064,0.6854130052724078,0.20074087381362915
0.4725361679728244,0.6408732565191024,0.8,0.3469387755102041,0.48398576512455516,0.6343283582089553,0.19922713935375214
0.37610008196491806,0.5982666167851353,0.8148148148148148,0.3157894736842105,0.45517241379310347,0.6191369606003753,0.20333647727966309
0.4792089304538082,0.6592480291085506,0.8588235294117647,0.3395348837209302,0.4866666666666667,0.6576576576576577,0.19792912900447845
0.5140852002420478,0.6442612942612942,0.8452380952380952,0.3333333333333333,0.4781144781144781,0.6466302367941712,0.1959194391965866
0.42885139477705897,0.6345605392792326,0.8026315789473685,0.3065326633165829,0.44363636363636366,0.6063618290258449,0.1881425380706787
0.5094394166098387,0.6776720086757441,0.8372093023255814,0.34615384615384615,0.4897959183673469,0.6521739130434783,0.19646674394607544
0.49260349583470237,0.6655890804597702,0.8735632183908046,0.38,0.5296167247386759,0.6934306569343066,0.2002459615468979
0.5198998758875628,0.6878272251308901,0.9204545454545454,0.3698630136986301,0.5276872964169381,0.7092819614711033,0.1973290741443634
0.3859746359802292,0.5718110423607806,0.8295454545454546,0.3476190476190476,0.4899328859060403,0.6494661921708185,0.21569490432739258
0.47212857002297803,0.6806471306471306,0.8571428571428571,0.34951456310679613,0.496551724137931,0.6642066420664207,0.19410283863544464
0.41393613482666847,0.60786008777763,0.7945205479452054,0.2914572864321608,0.4264705882352941,0.5906313645621182,0.1855594515800476
0.5143869505897068,0.7157547791694133,0.8378378378378378,0.32124352331606215,0.46441947565543074,0.6339468302658486,0.1740674525499344
0.4818267607405089,0.6181138585393904,0.7978723404255319,0.38461538461538464,0.5190311418685121,0.6567425569176882,0.21786825358867645
0.4711338223283197,0.6640029505778214,0.8313253012048193,0.32242990654205606,0.46464646464646464,0.6318681318681318,0.19553275406360626
0.40159269282395316,0.6619974874371859,0.8875,0.3380952380952381,0.4896551724137931,0.6698113207547169,0.19325529038906097
0.5222630710015514,0.6849451645064806,0.8725490196078431,0.4517766497461929,0.5953177257525084,0.7355371900826446,0.22054071724414825
0.5216787993706944,0.7022251308900523,0.9090909090909091,0.3864734299516908,0.5423728813559322,0.7155635062611807,0.19678623974323273
0.4247317422194902,0.6676096181046676,0.8571428571428571,0.32038834951456313,0.4664310954063604,0.642023346303502,0.18796057999134064
0.4585059761317981,0.6304402045142786,0.7530864197530864,0.33152173913043476,0.46037735849056605,0.6003937007874016,0.19468790292739868
0.4366362159059273,0.5963242337164751,0.7816091954022989,0.3222748815165877,0.4563758389261745,0.6082289803220036,0.20949187874794006
0.4295524254978799,0.6264445537251044,0.8313253012048193,0.3317307692307692,0.4742268041237113,0.6388888888888888,0.20048315823078156
0.5225431844229798,0.6462814645308924,0.8526315789473684,0.3875598086124402,0.5328947368421053,0.6876061120543294,0.2137536257505417
0.5172589971203307,0.7386831275720165,0.9506172839506173,0.3719806763285024,0.5347222222222222,0.7250470809792844,0.18238037824630737
0.5637903114645879,0.7211694954661706,0.9021739130434783,0.38967136150234744,0.5442622950819672,0.7142857142857143,0.19835345447063446
0.47223841633855584,0.6495112133410006,0.8829787234042553,0.4068627450980392,0.5570469798657718,0.7155172413793104,0.21391767263412476
0.5005222547487668,0.6523075069285456,0.8604651162790697,0.35071090047393366,0.4983164983164983,0.6666666666666666,0.19912266731262207
0.4941613535314406,0.6450258769407705,0.8617021276595744,0.38571428571428573,0.5328947368421053,0.6911262798634812,0.21247798204421997
0.4261150612648571,0.634902411021814,0.8333333333333334,0.32019704433497537,0.4626334519572954,0.6310679611650486,0.191300630569458
0.4811082691276889,0.7047578067371527,0.9036144578313253,0.3712871287128713,0.5263157894736842,0.702247191011236,0.19125889241695404
0.41696410891968805,0.6250464281292557,0.8414634146341463,0.3484848484848485,0.4928571428571429,0.655893536121673,0.20018211007118225
0.4838557317687171,0.6712454212454213,0.8452380952380952,0.3622448979591837,0.5071428571428571,0.6672932330827067,0.1950739473104477
0.48296592888344636,0.6548196333530455,0.8651685393258427,0.3793103448275862,0.5273972602739726,0.6887298747763864,0.2040494680404663
0.38493141490191596,0.6346266901822457,0.873015873015873,0.28061224489795916,0.4247104247104247,0.6138392857142857,0.1695781797170639
0.5096868799615597,0.6860082304526749,0.8444444444444444,0.37438423645320196,0.5187713310580204,0.6749555950266429,0.20291966199874878
0.4826174598730677,0.6321703134240094,0.8202247191011236,0.3613861386138614,0.5017182130584192,0.6541218637992832,0.20711548626422882
0.40259579791926947,0.6471194663432384,0.8705882352941177,0.36097560975609755,0.5103448275862069,0.6788990825688074,0.20292605459690094
0.37417521894776384,0.5936901340996169,0.8620689655172413,0.36231884057971014,0.5102040816326531,0.6756756756756757,0.21496959030628204
0.4517576831794101,0.6582188229193673,0.8289473684210527,0.31343283582089554,0.4548736462093863,0.6237623762376238,0.18546225130558014
0.45117228611603166,0.6737031075894515,0.8902439024390244,0.35436893203883496,0.5069444444444444,0.6835205992509363,0.19379395246505737
0.5032510082206635,0.6918140825528963,0.8494623655913979,0.4010152284263959,0.5448275862068965,0.6942003514938488,0.2077956646680832
0.4891602637994936,0.6981804770100811,0.8795180722891566,0.37055837563451777,0.5214285714285715,0.6899810964083176,0.19047686457633972
0.43374553845279673,0.7111809045226131,0.925,0.3523809523809524,0.5103448275862069,0.6981132075471698,0.1903277188539505
0.4154987896075377,0.6636306532663316,0.9,0.3564356435643564,0.5106382978723404,0.6896551724137931,0.1931963413953781
0.4342439597450208,0.6503252513305737,0.8764044943820225,0.37681159420289856,0.527027027027027,0.6927175843694494,0.20858867466449738
0.45706110922443627,0.6665822784810127,0.759493670886076,0.3314917127071823,0.46153846153846156,0.6036217303822937,0.18775220215320587
0.4612317783034056,0.6642670157068062,0.7954545454545454,0.3553299492385787,0.49122807017543857,0.6375227686703097,0.20257210731506348
0.43055809118034416,0.6276124907794444,0.8192771084337349,0.3487179487179487,0.4892086330935252,0.6451612903225806,0.19926603138446808
0.5337198459691579,0.6651057925771766,0.8494623655913979,0.3798076923076923,0.5249169435215947,0.6810344827586207,0.20758743584156036
0.36735868149219164,0.5916494133885438,0.7681159420289855,0.28191489361702127,0.41245136186770426,0.5711206896551724,0.18370896577835083
0.4146035339534653,0.6274497487437186,0.8375,0.3333333333333333,0.47686832740213525,0.6429942418426103,0.19594021141529083
0.4590194710844636,0.6418192918192918,0.8333333333333334,0.3333333333333333,0.47619047619047616,0.6410256410256411,0.1988438069820404
0.42916775790115036,0.6832911392405063,0.8734177215189873,0.3415841584158416,0.49110320284697506,0.666023166023166,0.1889628916978836
0.5531655347710478,0.7398857686815803,0.9431818181818182,0.38425925925925924,0.5460526315789473,0.7306338028169014,0.19121791422367096
0.36792193782170135,0.6057986434366273,0.7945205479452054,0.30687830687830686,0.44274809160305345,0.6029106029106029,0.18765340745449066
0.5073709476361533,0.6585244267198404,0.8823529411764706,0.430622009569378,0.5787781350482315,0.7293354943273906,0.2256777286529541
0.5496583143727108,0.6727932136710106,0.8192771084337349,0.3469387755102041,0.4874551971326165,0.6439393939393939,0.18994556367397308
0.496545088566654,0.6575280389713379,0.865979381443299,0.41379310344827586,0.56,0.7106598984771574,0.21660983562469482
0.47378022644129597,0.6448396963860881,0.8144329896907216,0.3910891089108911,0.5284280936454849,0.6694915254237288,0.21886546909809113
0.5004481219785828,0.6666666666666667,0.7901234567901234,0.31527093596059114,0.4507042253521127,0.6072106261859582,0.19042930006980896
0.41752274089826175,0.665938022373666,0.8441558441558441,0.3217821782178218,0.4659498207885305,0.6372549019607843,0.18727584183216095
0.43558828809167516,0.6435947873125154,0.8554216867469879,0.33649289099526064,0.48299319727891155,0.6537753222836096,0.19834502041339874
0.40670605810133464,0.6664388243335612,0.8428571428571429,0.29064039408866993,0.43223443223443225,0.6107660455486542,0.1770431101322174
0.4581872576846514,0.5992357436801882,0.8444444444444444,0.35514018691588783,0.5,0.662020905923345,0.21188007295131683
0.39314353569759974,0.6464376232047311,0.8955223880597015,0.2843601895734597,0.4316546762589928,0.6263048016701461,0.17391467094421387
0.43770604171945354,0.6467721518987342,0.8481012658227848,0.3284313725490196,0.4734982332155477,0.6442307692307693,0.19248487055301666
0.5336572070319616,0.6932593363394612,0.8709677419354839,0.37850467289719625,0.5276872964169381,0.6911262798634812,0.20385219156742096
0.46270553216293586,0.6845982419215055,0.9390243902439024,0.3701923076923077,0.5310344827586206,0.7182835820895522,0.19239000976085663
0.4236134399726599,0.6302681992337165,0.8620689655172413,0.36764705882352944,0.5154639175257731,0.6793478260869565,0.20751811563968658
0.5589361809841743,0.6940863394441159,0.8764044943820225,0.375,0.5252525252525253,0.6914893617021277,0.19753514230251312
0.4311308156894963,0.6204819277108433,0.8554216867469879,0.34134615384615385,0.4879725085910653,0.6574074074074074,0.20138932764530182
0.47620995719205905,0.7339485827290705,0.9054054054054054,0.3316831683168317,0.4855072463768116,0.6726907630522089,0.1742338240146637
0.4597067328190566,0.6461528868936277,0.8395061728395061,0.33170731707317075,0.4755244755244755,0.6427221172022685,0.19330482184886932
0.39714503213478336,0.6554901960784314,0.8,0.32085561497326204,0.4580152671755725,0.6160164271047228,0.1855235993862152
0.37385195500393714,0.600760693353286,0.7901234567901234,0.31840796019900497,0.45390070921985815,0.6095238095238096,0.2022167444229126
0.4149560778077616,0.6391605794230532,0.8658536585365854,0.3333333333333333,0.48135593220338985,0.6561922365988909,0.19806012511253357
0.42564851492464134,0.6306783949873479,0.8372093023255814,0.36363636363636365,0.5070422535211268,0.6642066420664207,0.20521220564842224
0.4832133458680473,0.6596118859915099,0.8470588235294118,0.34782608695652173,0.4931506849315068,0.6581352833638026,0.19657281041145325
0.4525152228294245,0.6062543594512904,0.8260869565217391,0.36538461538461536,0.5066666666666667,0.6597222222222222,0.21679772436618805
0.3885508127629718,0.6217088607594937,0.759493670886076,0.3225806451612903,0.4528301886792453,0.5976095617529881,0.19599957764148712
0.43517743613673315,0.6589448150394178,0.8823529411764706,0.38461538461538464,0.5357142857142857,0.7009345794392523,0.2007235884666443
0.38089738234648396,0.5621346738368015,0.7802197802197802,0.3604060913705584,0.4930555555555556,0.6327985739750446,0.22299030423164368
0.5214195938554698,0.6927478462131927,0.8571428571428571,0.32195121951219513,0.46808510638297873,0.6432748538011696,0.17949916422367096
0.6254526435656612,0.7258428233171722,0.8877551020408163,0.424390243902439,0.5742574257425742,0.7286432160804021,0.20377670228481293
0.49373778951197034,0.686501106466683,0.8795180722891566,0.35960591133004927,0.5104895104895105,0.6822429906542056,0.19145841896533966
0.47895825500144107,0.6820224719101123,0.8764044943820225,0.37142857142857144,0.5217391304347826,0.6890459363957597,0.20185770094394684
0.47921100497529423,0.6985351309307752,0.881578947368421,0.3333333333333333,0.48375451263537905,0.6633663366336634,0.1804594099521637
0.4849741204368636,0.6624984523956914,0.8658536585365854,0.3380952380952381,0.4863013698630137,0.6598513011152416,0.19324985146522522
0.449233568921361,0.6288225826420699,0.8292682926829268,0.3300970873786408,0.4722222222222222,0.6367041198501873,0.1979394108057022
0.4406164855785131,0.6548029085342518,0.8333333333333334,0.325,0.4676258992805755,0.634765625,0.1884741336107254
0.412243379375718,0.6312576312576312,0.8452380952380952,0.35148514851485146,0.4965034965034965,0.6598513011152416,0.20170995593070984
0.4480169172243218,0.6634497172362921,0.8674698795180723,0.36180904522613067,0.5106382978723404,0.6779661016949152,0.19764195382595062
0.47338348864915675,0.6052481785063752,0.84375,0.3767441860465116,0.5209003215434084,0.676126878130217,0.22132708132266998
0.38240173012931833,0.6018087511637187,0.7808219178082192,0.2780487804878049,0.41007194244604317,0.5734406438631791,0.18722422420978546
0.33765661997043883,0.5851633986928104,0.8533333333333334,0.3033175355450237,0.44755244755244755,0.6262230919765166,0.19627645611763
0.6176764761242435,0.7114250750917789,0.8613861386138614,0.4264705882352941,0.5704918032786885,0.7154605263157895,0.21243518590927124
0.4766737783259367,0.6556776556776557,0.8214285714285714,0.33495145631067963,0.47586206896551725,0.6365313653136532,0.1966141015291214
0.49724031649628814,0.6979987871437234,0.8470588235294118,0.36180904522613067,0.5070422535211268,0.6679035250463822,0.19364075362682343
0.5245963184423753,0.7212455119475053,0.8536585365853658,0.3684210526315789,0.5147058823529411,0.6756756756756757,0.1841118037700653
0.4971841485562853,0.6821733821733822,0.9285714285714286,0.34977578475336324,0.50814332247557,0.6976744186046512,0.19358746707439423
0.525053196398539,0.7137052759248028,0.8705882352941177,0.37185929648241206,0.5211267605633803,0.686456400742115,0.19018852710723877
0.4346343332084008,0.6173028328235137,0.821917808219178,0.2926829268292683,0.4316546762589928,0.6036217303822937,0.18477165699005127
0.46859215995015957,0.6355951696377229,0.8297872340425532,0.39195979899497485,0.5324232081911263,0.6782608695652174,0.2152746021747589
0.3895922519421081,0.6180969665543168,0.8552631578947368,0.3080568720379147,0.4529616724738676,0.6310679611650486,0.19172556698322296
0.4581509762089343,0.6693147362037599,0.8470588235294118,0.3317972350230415,0.4768211920529801,0.6463195691202872,0.19870059192180634
0.4173666778778817,0.658810325476992,0.8518518518518519,0.3317307692307692,0.47750865051903113,0.6484962406015038,0.19531312584877014
0.4418405298517914,0.6779746835443039,0.8734177215189873,0.3484848484848485,0.4981949458483754,0.6712062256809338,0.1890472173690796
0.3253662654871854,0.6243386243386243,0.9206349206349206,0.27230046948356806,0.42028985507246375,0.6236559139784946,0.17403468489646912
0.38512189746014647,0.6417272611302463,0.8717948717948718,0.3269230769230769,0.4755244755244755,0.6538461538461539,0.1937919557094574
0.413220778913108,0.6618191095803037,0.8717948717948718,0.3417085427135678,0.49097472924187724,0.6653620352250489,0.19026194512844086
0.4558510229977595,0.6634937739463601,0.8390804597701149,0.35436893203883496,0.49829351535836175,0.6588447653429603,0.2025507539510727
0.4936758470124452,0.6623921794134561,0.8404255319148937,0.398989898989899,0.541095890410959,0.6881533101045296,0.2125643938779831
0.5329289199596933,0.7100771568856675,0.8571428571428571,0.3842364532019704,0.5306122448979592,0.6878306878306878,0.20302890241146088
0.3953001512939777,0.630801140782992,0.8421052631578947,0.3137254901960784,0.45714285714285713,0.6299212598425197,0.1898987740278244
0.4978555277961029,0.6464634293288348,0.7906976744186046,0.3434343434343434,0.4788732394366197,0.6273062730627307,0.20078326761722565
0.5340399450516892,0.7436535272356168,0.9487179487179487,0.3645320197044335,0.5266903914590747,0.7184466019417476,0.17761464416980743
0.5193913772506159,0.6568715083798883,0.86,0.42786069651741293,0.5714285714285714,0.7154742096505824,0.21916085481643677
0.4906802408254637,0.682075350392182,0.8571428571428571,0.336734693877551,0.4835164835164835,0.6547619047619048,0.1820528656244278
0.49339226294458005,0.6598643503093765,0.8636363636363636,0.37073170731707317,0.5187713310580204,0.6822262118491921,0.20225389301776886
0.35099982317903433,0.59555338723167,0.7941176470588235,0.27,0.40298507462686567,0.5720338983050848,0.18230260908603668
0.44150843455272437,0.673107890499195,0.8611111111111112,0.3054187192118227,0.4509090909090909,0.6313645621181263,0.17704550921916962
0.4764656484785281,0.6714061935172912,0.872093023255814,0.352112676056338,0.5016722408026756,0.6732495511669659,0.1992376744747162
0.4897721212196515,0.7020122906374262,0.872093023255814,0.3694581280788177,0.5190311418685121,0.6855575868372943,0.19411589205265045
0.40869402204401123,0.6789250353606788,0.8961038961038961,0.3317307692307692,0.4842105263157895,0.6686046511627907,0.1879792958498001
0.4670060388249027,0.6919887740783264,0.8974358974358975,0.3286384976525822,0.48109965635738833,0.6666666666666666,0.1854964643716812
0.4910149263360426,0.6975316455696202,0.8860759493670886,0.330188679245283,0.48109965635738833,0.6628787878787878,0.18609154224395752
0.4523216868068351,0.6937386569872959,0.9078947368421053,0.34328358208955223,0.4981949458483754,0.6831683168316832,0.18212109804153442
0.4137981208242866,0.6534177215189874,0.8481012658227848,0.335,0.48028673835125446,0.6492248062015504,0.1917908936738968
0.45777162864674403,0.6898734177215189,0.8354430379746836,0.3492063492063492,0.4925373134328358,0.6534653465346535,0.1853468418121338
0.5034926404899835,0.6861322842389969,0.8554216867469879,0.35678391959798994,0.5035460992907801,0.6685499058380414,0.19071102142333984
0.4901985524288428,0.6767871303953779,0.8969072164948454,0.4264705882352941,0.5780730897009967,0.7347972972972973,0.21557962894439697
0.39980368142469547,0.6174509803921568,0.8133333333333334,0.2772727272727273,0.4135593220338983,0.5865384615384616,0.18855126202106476
0.4459436511762277,0.647924297924298,0.9047619047619048,0.36363636363636365,0.5187713310580204,0.6972477064220184,0.19898447394371033
0.42651110309748275,0.6578750467639356,0.9135802469135802,0.3523809523809524,0.5085910652920962,0.6928838951310862,0.1943178027868271
0.5908611174158525,0.6769768692845616,0.8545454545454545,0.4519230769230769,0.5911949685534591,0.7253086419753086,0.2296440601348877
0.41037638986559344,0.6275556127041275,0.8441558441558441,0.32019704433497537,0.4642857142857143,0.6360078277886497,0.18998515605926514
0.5148885911163495,0.6963350785340314,0.8522727272727273,0.3787878787878788,0.5244755244755245,0.6818181818181818,0.19764050841331482
0.5766501246834905,0.7143020594965674,0.9052631578947369,0.4095238095238095,0.5639344262295082,0.7288135593220338,0.20233748853206635
0.4968141535755156,0.7046049500237981,0.8636363636363636,0.38974358974358975,0.5371024734982333,0.6946983546617916,0.19688360393047333
0.5177550388959232,0.7034685479129923,0.9222222222222223,0.3755656108597285,0.5337620578778135,0.7142857142857143,0.19993473589420319
0.4433746322565665,0.6963482062491964,0.8701298701298701,0.33668341708542715,0.4855072463768116,0.6607495069033531,0.18334677815437317
0.49777411370550817,0.6755148741418765,0.9368421052631579,0.40271493212669685,0.5632911392405063,0.740432612312812,0.2111647129058838
0.5388945803637943,0.7359200470311582,0.8777777777777778,0.39303482587064675,0.5429553264604811,0.7040998217468806,0.19586355984210968
0.44859682613898577,0.6765567765567766,0.9285714285714286,0.37142857142857144,0.5306122448979592,0.7142857142857143,0.19570690393447876
0.44247246016876884,0.6825316455696202,0.8734177215189873,0.350253807106599,0.5,0.672514619883041,0.18772529065608978
0.46221279922277403,0.6791208791208792,0.8333333333333334,0.35353535353535354,0.49645390070921985,0.6554307116104869,0.1949288547039032
0.4740627862012985,0.6807806031933766,0.9213483146067416,0.3923444976076555,0.5503355704697986,0.7256637168141593,0.2027263641357422
0.5112090213304284,0.6646456780509511,0.8613861386138614,0.4182692307692308,0.5631067961165048,0.7107843137254902,0.22123610973358154
0.4466994503407945,0.6617408654445691,0.8641975308641975,0.35,0.498220640569395,0.6679389312977099,0.19279317557811737
0.42989617248433676,0.6604314752462901,0.8271604938271605,0.34536082474226804,0.48727272727272725,0.6467181467181468,0.19454029202461243
0.5795526953613187,0.7353636901241868,0.8876404494382022,0.3853658536585366,0.5374149659863946,0.7040998217468806,0.19067849218845367
0.5008675651382457,0.6281306921675774,0.8541666666666666,0.3867924528301887,0.5324675324675324,0.6879194630872483,0.21714572608470917
0.4759805696488073,0.6483036227717078,0.8829787234042553,0.40487804878048783,0.5551839464882943,0.7142857142857143,0.21510003507137299
0.41162793133885683,0.5992131792476026,0.8072289156626506,0.33004926108374383,0.46853146853146854,0.6261682242990654,0.20404094457626343
0.42585722227703443,0.6825900959294788,0.8947368421052632,0.3222748815165877,0.4738675958188153,0.6601941747572816,0.18557901680469513
0.4662232994569543,0.6791995148574894,0.8941176470588236,0.36538461538461536,0.5187713310580204,0.6934306569343066,0.19670206308364868
0.443129498917495,0.6805159450350013,0.8947368421052632,0.3238095238095238,0.4755244755244755,0.6614785992217899,0.18554507195949554
0.46138720023435464,0.6662921348314607,0.9101123595505618,0.3951219512195122,0.5510204081632653,0.7219251336898396,0.2047121673822403
0.48361142039993554,0.6717078780908567,0.851063829787234,0.40816326530612246,0.5517241379310345,0.6993006993006993,0.21293145418167114
0.4267169340475332,0.6321703134240094,0.8426966292134831,0.3640776699029126,0.5084745762711864,0.6672597864768683,0.21000972390174866
0.4735735960977014,0.6518797892720306,0.8505747126436781,0.3523809523809524,0.4983164983164983,0.6630824372759857,0.20223468542099
0.42945203984941527,0.676542906319154,0.8433734939759037,0.35714285714285715,0.5017921146953405,0.6628787878787878,0.1958569586277008
0.5238594271728603,0.6803650313880493,0.9130434782608695,0.39436619718309857,0.5508196721311476,0.7228915662650602,0.20476539433002472
0.4494698830495627,0.5802469135802469,0.8484848484848485,0.37668161434977576,0.5217391304347826,0.678513731825525,0.23076173663139343
0.5175148365529335,0.6515238642898217,0.8191489361702128,0.3719806763285024,0.5116279069767442,0.660377358490566,0.21088309586048126
0.5337126479526065,0.6740655549166187,0.8617021276595744,0.375,0.5225806451612903,0.6841216216216216,0.2080806940793991
0.5375881674895098,0.7126565589980225,0.8783783783783784,0.3140096618357488,0.4626334519572954,0.6461232604373758,0.17237059772014618
0.40923074601023135,0.6333943833943834,0.8809523809523809,0.3645320197044335,0.5156794425087108,0.686456400742115,0.2033178210258484
0.42211349340827786,0.618986568986569,0.8095238095238095,0.3333333333333333,0.4722222222222222,0.6296296296296297,0.20328152179718018
0.4852714906291399,0.6869011522134627,0.9294117647058824,0.3891625615763547,0.5486111111111112,0.7274401473296501,0.195434108376503
0.48797938298780236,0.6521584861028977,0.797752808988764,0.36787564766839376,0.5035460992907801,0.6466302367941712,0.20608533918857574
0.4581906499932695,0.7186408000963972,0.9418604651162791,0.40298507462686567,0.5644599303135889,0.7431192660550459,0.19667577743530273
0.4197311645654752,0.6237398573887387,0.8554216867469879,0.3317757009345794,0.4781144781144781,0.6501831501831502,0.20085185766220093
0.4542359548925413,0.704945054945055,0.9285714285714286,0.39195979899497485,0.5512367491166078,0.7289719626168224,0.19470767676830292
0.4397757068655545,0.6213991769547325,0.8148148148148148,0.3188405797101449,0.4583333333333333,0.6214689265536724,0.19693002104759216
0.4648179637234421,0.6025552086946468,0.7849462365591398,0.35960591133004927,0.49324324324324326,0.6347826086956522,0.21608491241931915
0.4507868322959828,0.6598901098901099,0.8571428571428571,0.36363636363636365,0.5106382978723404,0.6741573033707865,0.19879460334777832
0.4130756066629309,0.6838509316770186,0.8695652173913043,0.2912621359223301,0.43636363636363634,0.6224066390041494,0.17438332736492157
0.40419882374717486,0.6616834170854271,0.85,0.35233160621761656,0.4981684981684982,0.6627680311890838,0.19516469538211823
0.4427801989010003,0.6853410919896001,0.8780487804878049,0.36,0.5106382978723404,0.6818181818181818,0.19306166470050812
0.43370379504140993,0.6388888888888888,0.8095238095238095,0.36363636363636365,0.5018450184501845,0.6500956022944551,0.20083975791931152
0.39312875259384017,0.617808393927797,0.8205128205128205,0.3248730964467005,0.46545454545454545,0.6286836935166994,0.1944734752178192
0.46846310846756445,0.6440535004217376,0.7906976744186046,0.3469387755102041,0.48226950354609927,0.6296296296296297,0.20004478096961975
0.4006554136675806,0.6111111111111112,0.8390804597701149,0.35436893203883496,0.49829351535836175,0.6588447653429603,0.20881442725658417
0.5161160382906759,0.7152066514037836,0.8953488372093024,0.3888888888888889,0.5422535211267606,0.7103321033210332,0.1912129521369934
0.4604252024973091,0.6382303639846743,0.8620689655172413,0.35545023696682465,0.5033557046979866,0.6708407871198568,0.20378491282463074
0.46215121156617134,0.6977573243453461,0.8947368421052632,0.33170731707317075,0.48398576512455516,0.6679764243614931,0.181049183011055
0.3567311388986565,0.6219135802469136,0.8888888888888888,0.32,0.47058823529411764,0.6557377049180327,0.18814224004745483
0.43515687842407086,0.6681625227410551,0.8352941176470589,0.3604060913705584,0.5035460992907801,0.6610800744878957,0.2006695568561554
0.42927315605082206,0.631534263189812,0.8352941176470589,0.3256880733944954,0.46864686468646866,0.6362007168458781,0.2038470059633255
0.47760468162682423,0.6437456405487096,0.8260869565217391,0.38578680203045684,0.5259515570934256,0.672566371681416,0.2110910266637802
0.5021006005077395,0.7081807081807081,0.9166666666666666,0.3719806763285024,0.5292096219931272,0.7090239410681399,0.19129280745983124
0.5069275847786097,0.7051892551892551,0.8571428571428571,0.3412322274881517,0.488135593220339,0.6581352833638026,0.18981687724590302
0.39963718179688656,0.6352248104008668,0.8591549295774648,0.2961165048543689,0.4404332129963899,0.6224489795918368,0.18216723203659058
0.42739750440363095,0.6520763187429854,0.8641975308641975,0.33816425120772947,0.4861111111111111,0.6591337099811676,0.1943577229976654
0.3948248314681231,0.6474591651542649,0.868421052631579,0.3235294117647059,0.4714285714285714,0.6496062992125984,0.18884892761707306
0.52337428863016,0.7282774838330395,0.8777777777777778,0.39303482587064675,0.5429553264604811,0.7040998217468806,0.1954181045293808
0.4564953304098781,0.7156434807096592,0.8805970149253731,0.29797979797979796,0.44528301886792454,0.6330472103004292,0.16504767537117004
0.4800552023618838,0.6846005542836486,0.8488372093023255,0.36318407960199006,0.5087108013937283,0.6697247706422018,0.197822704911232
0.45391771155017435,0.6721536351165981,0.8765432098765432,0.3271889400921659,0.47651006711409394,0.6561922365988909,0.19183476269245148
0.4577720251569766,0.632080048514251,0.8,0.33663366336633666,0.4738675958188153,0.6273062730627307,0.20107929408550262
0.4299393487982598,0.6431643803766566,0.8586956521739131,0.3798076923076923,0.5266666666666666,0.6857638888888888,0.21359609067440033
0.4353854239937646,0.6338209982788297,0.8433734939759037,0.3349282296650718,0.4794520547945205,0.6469500924214417,0.20013251900672913
0.437006198606056,0.6740017859420844,0.8205128205128205,0.34594594594594597,0.4866920152091255,0.6438631790744467,0.18704895675182343
0.37743273029003566,0.5989010989010989,0.8690476190476191,0.35960591133004927,0.5087108013937283,0.6771799628942486,0.20875121653079987
0.5137916179012739,0.703117563065207,0.875,0.3598130841121495,0.5099337748344371,0.6802120141342756,0.1968904286623001
0.3954781220258911,0.6255262150784539,0.7948717948717948,0.31958762886597936,0.45588235294117646,0.6126482213438735,0.19406715035438538
0.4172625147672697,0.6604271356783921,0.8875,0.3446601941747573,0.4965034965034965,0.6749049429657795,0.19307011365890503
0.38278714917603207,0.5979837718219818,0.8313253012048193,0.33658536585365856,0.4791666666666667,0.6424581005586593,0.20503166317939758
0.4406780371575492,0.6125654450261779,0.7954545454545454,0.35353535353535354,0.48951048951048953,0.6363636363636364,0.20962192118167877
0.4447273979138999,0.6302001212856276,0.8470588235294118,0.33962264150943394,0.48484848484848486,0.6521739130434783,0.20255304872989655
0.4389495453658151,0.6731749865807837,0.875,0.3103448275862069,0.4581818181818182,0.6415478615071283,0.1782192438840866
0.4325739910730277,0.6397221539218096,0.891566265060241,0.3490566037735849,0.5016949152542373,0.6801470588235294,0.19924968481063843
0.5018320451962347,0.6548817465130381,0.8705882352941177,0.3490566037735849,0.4983164983164983,0.6702898550724637,0.196821391582489
0.4393218122057547,0.6266114725014784,0.8651685393258427,0.36492890995260663,0.5133333333333333,0.6790123456790124,0.21128354966640472
0.425966161230783,0.677133655394525,0.8611111111111112,0.31313131313131315,0.45925925925925926,0.6378600823045267,0.17815978825092316
0.5134873738812826,0.6853404327631132,0.865979381443299,0.41379310344827586,0.56,0.7106598984771574,0.2138107419013977
0.3767340878658385,0.6332286432160804,0.875,0.32710280373831774,0.47619047619047616,0.6554307116104869,0.19784840941429138
0.5359007904809997,0.7603602383531962,0.9295774647887324,0.32038834951456313,0.47653429602888087,0.673469387755102,0.1653466373682022
0.47188456725039296,0.65835087284883,0.8414634146341463,0.3520408163265306,0.49640287769784175,0.6583969465648855,0.19456830620765686
0.3848940915631583,0.6043037974683545,0.8354430379746836,0.3157894736842105,0.4583333333333333,0.6285714285714286,0.19695888459682465
0.429588126961836,0.6034188034188035,0.8690476190476191,0.3395348837209302,0.4882943143812709,0.662431941923775,0.20385567843914032
0.4261009473484883,0.6364027538726335,0.8192771084337349,0.3434343434343434,0.48398576512455516,0.6415094339622641,0.19991646707057953
0.3796556518037882,0.6366666666666667,0.84,0.315,0.4581818181818182,0.63,0.18915781378746033
0.41263449676916986,0.6529113924050634,0.8734177215189873,0.34673366834170855,0.49640287769784175,0.6699029126213593,0.1927204430103302
0.43806024274336175,0.6370100589663545,0.8817204301075269,0.39805825242718446,0.5484949832775919,0.7093425605536332,0.21513932943344116
0.46550201564212,0.6402128917800118,0.8202247191011236,0.3443396226415094,0.4850498338870432,0.6426056338028169,0.20728625357151031
0.45247786104618776,0.6427280395228341,0.8255813953488372,0.3604060913705584,0.5017667844522968,0.6561922365988909,0.20322467386722565
0.5200065714148403,0.6823413159730294,0.8695652173913043,0.3827751196172249,0.53156146179402,0.6932409012131716,0.20428352057933807
0.5379234652346236,0.66562608394034,0.8709677419354839,0.3875598086124402,0.5364238410596026,0.6970740103270223,0.2059992104768753
0.4644520742623262,0.6164224664224665,0.8333333333333334,0.33980582524271846,0.4827586206896552,0.6457564575645757,0.20120397210121155
0.48407046935839637,0.6897825480903261,0.8529411764705882,0.29441624365482233,0.4377358490566038,0.6183368869936035,0.16836930811405182
0.43352770354122405,0.7067721518987341,0.9493670886075949,0.3409090909090909,0.5016722408026756,0.6996268656716418,0.1869269609451294
0.45295068408359906,0.6394574012375059,0.8409090909090909,0.3523809523809524,0.4966442953020134,0.6583629893238434,0.20582236349582672
0.48563539384904225,0.71380278096696,0.8846153846153846,0.33014354066985646,0.4808362369337979,0.6621880998080614,0.1804867684841156
0.456102167723745,0.6684288173100565,0.8433734939759037,0.3553299492385787,0.5,0.6616257088846881,0.19596391916275024
0.4769646184165757,0.6466065441091456,0.8924731182795699,0.39712918660287083,0.5496688741721855,0.7142857142857143,0.21238134801387787
0.42120881046674363,0.6530778894472362,0.875,0.3482587064676617,0.498220640569395,0.6717850287907869,0.1927996724843979
0.32546965394593486,0.5891307440603215,0.7575757575757576,0.26455026455026454,0.39215686274509803,0.5518763796909493,0.1802784502506256
0.45604355380857586,0.6582777440873256,0.8705882352941177,0.3645320197044335,0.5138888888888888,0.6813996316758748,0.19999951124191284
0.44635848864034433,0.6308069923371648,0.896551724137931,0.35944700460829493,0.5131578947368421,0.6902654867256637,0.20576639473438263
0.452692115942645,0.6793671720500989,0.8783783783783784,0.30660377358490565,0.45454545454545453,0.639763779527559,0.17959897220134735
0.3018711549698957,0.5579439252336449,0.7692307692307693,0.25510204081632654,0.3831417624521073,0.5482456140350878,0.18135538697242737
0.4706474046200466,0.6454670158373862,0.8271604938271605,0.32524271844660196,0.46689895470383275,0.6320754716981132,0.19311872124671936
0.5351568371024372,0.7110313235112047,0.8414634146341463,0.3556701030927835,0.5,0.6609195402298851,0.18519464135169983
0.4572418825853567,0.6474274008916736,0.8488372093023255,0.3476190476190476,0.49324324324324326,0.6588447653429603,0.20118944346904755
0.475158622008238,0.6590964590964591,0.8690476190476191,0.3443396226415094,0.49324324324324326,0.666058394160584,0.1959976702928543
0.4910492396127569,0.6813375952790754,0.8313253012048193,0.35751295336787564,0.5,0.6571428571428571,0.19194622337818146
0.4211633761876788,0.6402294550442698,0.8888888888888888,0.35121951219512193,0.5034965034965035,0.6805293005671077,0.19599272310733795
0.4966162658209629,0.6821220750278568,0.8780487804878049,0.3564356435643564,0.5070422535211268,0.6792452830188679,0.19049160182476044
0.5259650484080328,0.6987123932153028,0.8536585365853658,0.35175879396984927,0.498220640569395,0.6641366223908919,0.1867409646511078
0.5319181455702825,0.7033291457286434,0.8875,0.3736842105263158,0.5259259259259259,0.696078431372549,0.18364137411117554
0.46164200650707604,0.7216336771675496,0.9264705882352942,0.30434782608695654,0.4581818181818182,0.6576200417536534,0.16723579168319702
0.40816601716593603,0.638851058561347,0.8780487804878049,0.33488372093023255,0.48484848484848486,0.6629834254143646,0.19885912537574768
0.5085272519951499,0.6838553918534109,0.8414634146341463,0.36507936507936506,0.5092250922509225,0.6673114119922631,0.1897059828042984
0.47845024424932703,0.6807145334720777,0.9139784946236559,0.4009433962264151,0.5573770491803278,0.7277397260273972,0.2073340266942978
0.41386987277239085,0.633050333535476,0.8588235294117647,0.365,0.512280701754386,0.6759259259259259,0.2041339874267578
0.476441381252367,0.6812463256907701,0.9,0.391304347826087,0.5454545454545454,0.7142857142857143,0.2052382528781891
0.4544862490102526,0.661070780399274,0.8421052631578947,0.31840796019900497,0.4620938628158845,0.6336633663366337,0.18372783064842224
0.45761765454547326,0.644113924050633,0.8227848101265823,0.32338308457711445,0.4642857142857143,0.6286266924564797,0.1906851977109909
0.46421494193177903,0.6941082590770049,0.821917808219178,0.3125,0.4528301886792453,0.6198347107438017,0.17753057181835175
0.4528403589042821,0.6312836100070143,0.8461538461538461,0.3615023474178404,0.506578947368421,0.6672443674176777,0.21193863451480865
0.4222413770265015,0.6161357823761915,0.8260869565217391,0.36538461538461536,0.5066666666666667,0.6597222222222222,0.21742631494998932
0.49389357030096026,0.679479455356067,0.8837209302325582,0.37073170731707317,0.5223367697594502,0.692167577413479,0.19732524454593658
0.44006131213163974,0.660427135678392,0.9125,0.3395348837209302,0.49491525423728816,0.6822429906542056,0.19207844138145447
0.4749066681457099,0.6004395604395604,0.7884615384615384,0.4,0.5307443365695793,0.6602254428341385,0.23460495471954346
0.47159441696975357,0.6738977072310406,0.8888888888888888,0.3827751196172249,0.5351170568561873,0.70298769771529,0.20573890209197998
0.4583907791439812,0.6550580431177446,0.8205128205128205,0.3248730964467005,0.46545454545454545,0.6286836935166994,0.18818219006061554
0.3676758612998905,0.6369176598049837,0.8169014084507042,0.29591836734693877,0.4344569288389513,0.6041666666666666,0.1832324117422104
0.4888471089755997,0.6293885142990003,0.7934782608695652,0.3686868686868687,0.503448275862069,0.6448763250883393,0.21116983890533447
0.5035045521736801,0.6811664055910351,0.872093023255814,0.3605769230769231,0.5102040816326531,0.6793478260869565,0.19534409046173096
0.4613029274381585,0.7011925252028522,0.9156626506024096,0.3671497584541063,0.5241379310344828,0.7050092764378478,0.19329509139060974
0.5106883734008221,0.6771141336487286,0.8089887640449438,0.36548223350253806,0.5034965034965035,0.650994575045208,0.20128175616264343
0.5075067259277648,0.6915450804339693,0.8148148148148148,0.3473684210526316,0.4870848708487085,0.642023346303502,0.18779928982257843
0.4952198262894316,0.7020028064804185,0.8461538461538461,0.3402061855670103,0.4852941176470588,0.6521739130434783,0.183034285902977
0.42249329635192223,0.6625490196078431,0.9466666666666667,0.3380952380952381,0.4982456140350877,0.696078431372549,0.18568697571754456
0.5173179651185396,0.6861416361416361,0.9166666666666666,0.3598130841121495,0.5167785234899329,0.7,0.1912318468093872
0.4407220331831537,0.6243974132863022,0.8666666666666667,0.375,0.5234899328859061,0.6866197183098591,0.2117374688386917
0.44604939884148526,0.7188820050689946,0.9104477611940298,0.3034825870646766,0.4552238805970149,0.650319829424307,0.16701532900333405
0.5207436846439488,0.6456790123456791,0.8383838383838383,0.4088669950738916,0.5496688741721855,0.6928213689482471,0.21984519064426422
0.4938995717422441,0.660596600763094,0.8709677419354839,0.38388625592417064,0.5328947368421053,0.6946826758147513,0.21085382997989655
0.40466250347179644,0.6521239954075775,0.8076923076923077,0.315,0.45323741007194246,0.615234375,0.1915295124053955
0.4092816660813165,0.629161882893226,0.8846153846153846,0.3165137614678899,0.46621621621621623,0.6509433962264151,0.19244937598705292
0.40752826706926176,0.6490849673202613,0.84,0.3197969543147208,0.4632352941176471,0.6338028169014085,0.1872429996728897
0.5508729844031991,0.6780510018214937,0.84375,0.40703517587939697,0.5491525423728814,0.6946826758147513,0.2098761796951294
0.5958127761563868,0.7557216791259345,0.925531914893617,0.3936651583710407,0.5523809523809524,0.7286432160804021,0.19598761200904846
0.4513381597599513,0.63450911228689,0.8111111111111111,0.3492822966507177,0.4882943143812709,0.6414762741652021,0.209263876080513
0.4640689378760249,0.704801464376232,0.9104477611940298,0.30049261083743845,0.45185185185185184,0.6475583864118896,0.16653740406036377
0.44812382344058027,0.6591267434808975,0.8352941176470589,0.3604060913705584,0.5035460992907801,0.6610800744878957,0.19973696768283844
0.6047262945936714,0.7466708542713567,0.875,0.35714285714285715,0.5072463768115942,0.6782945736434108,0.17472483217716217
0.42714572341320245,0.6241797697164789,0.8536585365853658,0.3333333333333333,0.4794520547945205,0.6505576208178439,0.19881989061832428
0.4486289708477381,0.6330818965517242,0.8275862068965517,0.36180904522613067,0.5034965034965035,0.6581352833638026,0.20475029945373535
0.497563001432758,0.7290201005025125,0.9375,0.36585365853658536,0.5263157894736842,0.7142857142857143,0.18272481858730316
0.46225466363703016,0.6510941726088024,0.8433734939759037,0.3448275862068966,0.48951048951048953,0.6542056074766355,0.19697213172912598
0.3980302698573235,0.5942137423618905,0.8395061728395061,0.33663366336633666,0.48056537102473496,0.6463878326996197,0.20205001533031464
0.5194566862390344,0.7288196097096621,0.9090909090909091,0.37735849056603776,0.5333333333333333,0.7092198581560284,0.19306208193302155
0.5225750924977585,0.7064667842445621,0.8777777777777778,0.3744075829383886,0.5249169435215947,0.691768826619965,0.1986837387084961
0.4955743959551152,0.6716548198029679,0.8395061728395061,0.3269230769230769,0.47058823529411764,0.6390977443609023,0.18945440649986267
0.5231962638376011,0.7208305866842453,0.9054054054054054,0.319047619047619,0.47183098591549294,0.6620553359683794,0.17244374752044678
0.46614587829884324,0.6674507861829887,0.8292682926829268,0.32075471698113206,0.46258503401360546,0.6296296296296297,0.19385764002799988
0.5105994097237914,0.6849077627832115,0.8170731707317073,0.3507853403141361,0.4908424908424908,0.6454720616570327,0.18970708549022675
0.5141656042611981,0.6640545721050851,0.8571428571428571,0.4057971014492754,0.5508196721311476,0.7011686143572621,0.21648234128952026
0.47846275701255636,0.6529628748215136,0.8409090909090909,0.357487922705314,0.5016949152542373,0.6618962432915921,0.2027537226676941
0.4397234543080454,0.6567705854355068,0.8636363636363636,0.3781094527363184,0.5259515570934256,0.6871609403254972,0.2050105333328247
0.4804434823359951,0.6517342739564962,0.8222222222222222,0.3681592039800995,0.5085910652920962,0.6595365418894831,0.2068985104560852
0.37262864022778525,0.5819620253164557,0.7848101265822784,0.31,0.4444444444444444,0.6007751937984496,0.1998460292816162
0.5226966841705136,0.6566137566137565,0.8444444444444444,0.35023041474654376,0.495114006514658,0.658578856152513,0.2026408314704895
0.43350709143250676,0.6611392405063292,0.8860759493670886,0.3167420814479638,0.4666666666666667,0.6517690875232774,0.19131658971309662
0.46734966550258544,0.7335090651922335,0.987012987012987,0.36363636363636365,0.5314685314685315,0.7350096711798839,0.17947928607463837
0.4129561267152374,0.6315001870557426,0.7901234567901234,0.3137254901960784,0.44912280701754387,0.6060606060606061,0.19705739617347717
0.5171221351578685,0.6681922196796338,0.8736842105263158,0.4068627450980392,0.5551839464882943,0.7106164383561644,0.2122516930103302
0.4847826307114671,0.6722057953873447,0.9101123595505618,0.37327188940092165,0.5294117647058824,0.7068062827225131,0.2036839872598648
0.3882634025778713,0.6456859971711457,0.9090909090909091,0.3211009174311927,0.4745762711864407,0.6653992395437263,0.19203804433345795
0.4148961940322202,0.6261973180076628,0.8505747126436781,0.3523809523809524,0.4983164983164983,0.6630824372759857,0.20890137553215027
0.4559821241652552,0.633826138379657,0.8764044943820225,0.3804878048780488,0.5306122448979592,0.6951871657754011,0.2080456018447876
0.46832581065183265,0.6716156184241291,0.8681318681318682,0.3744075829383886,0.5231788079470199,0.6869565217391305,0.20682618021965027
0.4114179269580265,0.6330257086354647,0.8378378378378378,0.31,0.45255474452554745,0.625,0.1871672123670578
0.46597069737795377,0.6799145299145299,0.8571428571428571,0.3673469387755102,0.5142857142857142,0.6766917293233082,0.19431376457214355
0.4794929172920023,0.6726677577741408,0.8571428571428571,0.39,0.5360824742268041,0.6914893617021277,0.2078431397676468
0.5101119667362244,0.7193877551020409,0.927710843373494,0.36492890995260663,0.5238095238095238,0.7090239410681399,0.1879284828901291
0.38451150427913205,0.6487354750512646,0.8857142857142857,0.29523809523809524,0.44285714285714284,0.6326530612244898,0.1797928810119629
0.47499606518400134,0.6153802367941713,0.7916666666666666,0.37073170731707317,0.5049833887043189,0.6451612903225806,0.21965721249580383
0.48323192434967516,0.6382696710447042,0.8023255813953488,0.3415841584158416,0.4791666666666667,0.6318681318681318,0.2013683319091797
0.5213209053901383,0.6674449233716475,0.8620689655172413,0.3488372093023256,0.4966887417218543,0.6660746003552398,0.19759801030158997
0.4513656917099398,0.6680925412700325,0.8953488372093024,0.35648148148148145,0.5099337748344371,0.6875,0.2000466138124466
0.41054525131799474,0.6698943661971831,0.8873239436619719,0.29439252336448596,0.4421052631578947,0.6325301204819277,0.17835885286331177
0.41919533196940867,0.6224874371859297,0.85,0.3269230769230769,0.4722222222222222,0.6439393939393939,0.1961948424577713
0.4339461495364659,0.6719221105527641,0.9125,0.3686868686868687,0.5251798561151079,0.7046332046332047,0.1917697787284851
0.37548204808435676,0.5608638743455497,0.7954545454545454,0.3333333333333333,0.4697986577181208,0.6227758007117438,0.21725234389305115
0.4275697074902675,0.6437177280550774,0.8795180722891566,0.36318407960199006,0.5140845070422535,0.6848030018761726,0.1979382187128067
0.540163430368863,0.7286083107941972,0.891566265060241,0.3681592039800995,0.5211267605633803,0.6941838649155723,0.18562956154346466
0.4447443816888999,0.6831683168316831,0.8701298701298701,0.32057416267942584,0.46853146853146854,0.6479690522243714,0.18508471548557281
0.5419095794795942,0.6913280776228018,0.8470588235294118,0.36548223350253806,0.5106382978723404,0.6703910614525139,0.19121158123016357
0.4807174137431525,0.6719101123595506,0.8764044943820225,0.38613861386138615,0.5360824742268041,0.6989247311827957,0.20376060903072357
0.4826565435249989,0.6796910755148742,0.9157894736842105,0.4027777777777778,0.5594855305466238,0.7298657718120806,0.21170732378959656
0.4798698362780532,0.6475893166840097,0.8387096774193549,0.39,0.5324232081911263,0.6818181818181818,0.21136650443077087
0.4175534036785281,0.6542926393672662,0.8589743589743589,0.3004484304932735,0.44518272425249167,0.6261682242990654,0.1902771294116974
0.48398040756350236,0.6528768133759528,0.7951807228915663,0.32195121951219513,0.4583333333333333,0.6145251396648045,0.19389384984970093
0.5105629888628563,0.714796846573681,0.8941176470588236,0.37623762376237624,0.5296167247386759,0.7011070110701108,0.19222283363342285
0.4808982073205102,0.6818293582493238,0.891566265060241,0.35071090047393366,0.5034013605442177,0.6813996316758748,0.19222165644168854
0.3709517405068058,0.6119829764596356,0.821917808219178,0.3125,0.4528301886792453,0.6198347107438017,0.1883128136396408
0.4957025151347087,0.7129169193450576,0.8823529411764706,0.38071065989847713,0.5319148936170213,0.6983240223463687,0.19105875492095947
0.5254634888960554,0.7855072463768116,0.9420289855072463,0.3299492385786802,0.48872180451127817,0.6871035940803383,0.1617322564125061
0.35719388431289495,0.58,0.7866666666666666,0.29207920792079206,0.4259927797833935,0.5876494023904383,0.193921759724617
0.4264748415472109,0.604346264367816,0.7816091954022989,0.3269230769230769,0.4610169491525424,0.6115107913669064,0.20847992599010468
0.3951515701833747,0.6594849246231156,0.8875,0.35148514851485146,0.5035460992907801,0.6800766283524904,0.19531039893627167
0.37240566788066976,0.6314131413141314,0.8831168831168831,0.3148148148148148,0.4641638225255973,0.648854961832061,0.19401319324970245
0.5175283998795788,0.6685823754789272,0.896551724137931,0.36792452830188677,0.5217391304347826,0.6964285714285714,0.1979396790266037
0.46004483737979895,0.6153846153846154,0.8351648351648352,0.38,0.5223367697594502,0.6737588652482269,0.21457630395889282
0.3884567369869521,0.6504294149221685,0.8611111111111112,0.3147208121827411,0.46096654275092935,0.6391752577319587,0.18353985249996185
0.4797155052383861,0.6363903586125808,0.8888888888888888,0.36036036036036034,0.5128205128205128,0.6872852233676976,0.20802916586399078
0.4092133899697744,0.6375949367088608,0.8227848101265823,0.32338308457711445,0.4642857142857143,0.6286266924564797,0.19459469616413116
0.5553537688581277,0.6896745230078564,0.8484848484848485,0.42424242424242425,0.5656565656565656,0.7070707070707071,0.21225778758525848
0.512957524962806,0.6864101371774006,0.8913043478260869,0.4019607843137255,0.5540540540540541,0.7167832167832168,0.20634250342845917
0.41129543129690677,0.6363636363636364,0.8641975308641975,0.330188679245283,0.4778156996587031,0.6529850746268657,0.19664305448532104
0.4481539542882136,0.6612982542414557,0.8313253012048193,0.345,0.4876325088339223,0.6484962406015038,0.19612397253513336
0.4083702129646834,0.671907040328093,0.9285714285714286,0.29545454545454547,0.4482758620689655,0.65,0.1766158491373062
0.5101314594237468,0.6710895487491232,0.9120879120879121,0.39712918660287083,0.5533333333333333,0.7242582897033158,0.2043921947479248
0.4375487189538245,0.6721743602931722,0.8831168831168831,0.33170731707317075,0.48226950354609927,0.6627680311890838,0.18626482784748077
0.3975846736425141,0.6272283272283272,0.8571428571428571,0.3412322274881517,0.488135593220339,0.6581352833638026,0.20275989174842834
0.4509578767434327,0.6884057971014492,0.8472222222222222,0.2961165048543689,0.43884892086330934,0.6174089068825911,0.17665575444698334
0.45906649462117627,0.5805295409873974,0.7956989247311828,0.3592233009708738,0.49498327759197325,0.6401384083044983,0.21966220438480377
0.43979139708576875,0.6216411615857332,0.8023255813953488,0.3333333333333333,0.4709897610921502,0.6261343012704175,0.2056618630886078
0.4290364801872769,0.6449363250454822,0.8941176470588236,0.37254901960784315,0.5259515570934256,0.6985294117647058,0.20267850160598755
0.5156567024893162,0.686520925882628,0.8461538461538461,0.3684210526315789,0.5133333333333333,0.6719022687609075,0.2043089121580124
0.4150999342433859,0.6191024863553668,0.8705882352941177,0.34579439252336447,0.49498327759197325,0.6678700361010831,0.2051738053560257
0.44173644397157485,0.6268987341772151,0.7848101265822784,0.31794871794871793,0.45255474452554745,0.6066536203522505,0.19226647913455963
0.3659418858382527,0.5656898656898657,0.8095238095238095,0.3333333333333333,0.4722222222222222,0.6296296296296297,0.21212074160575867
0.5420721674266893,0.7056992337164751,0.9425287356321839,0.37104072398190047,0.5324675324675324,0.7205623901581723,0.19351579248905182
0.4499755706988841,0.6656288156288156,0.9047619047619048,0.3470319634703196,0.5016501650165016,0.6846846846846847,0.19737571477890015
0.4614404927093965,0.692964824120603,0.9125,0.33796296296296297,0.49324324324324326,0.6809701492537313,0.18732669949531555
0.4477778174649124,0.6173438447543965,0.8235294117647058,0.35175879396984927,0.49295774647887325,0.6493506493506493,0.20422916114330292
0.46129094738697385,0.6141848816029144,0.8854166666666666,0.4028436018957346,0.5537459283387622,0.7142857142857143,0.220971018075943
0.4759783365975502,0.6806982790640089,0.8780487804878049,0.35467980295566504,0.5052631578947369,0.6779661016949152,0.19187240302562714
0.5196404916583897,0.6749762018086625,0.8068181818181818,0.3604060913705584,0.4982456140350877,0.6466302367941712,0.19921262562274933
0.5306976638290392,0.7069739235900545,0.9176470588235294,0.37142857142857144,0.5288135593220339,0.7090909090909091,0.1906086653470993
0.45187781268268357,0.646859296482412,0.7875,0.3103448275862069,0.4452296819787986,0.6022944550669216,0.19191990792751312
0.48328091150103236,0.651624970773907,0.8681318681318682,0.37799043062200954,0.5266666666666666,0.6893542757417103,0.207784041762352
0.4231351189108683,0.6777638190954774,0.9125,0.3476190476190476,0.503448275862069,0.6886792452830188,0.19089248776435852
0.5517756786446719,0.6755883962780515,0.8761904761904762,0.43601895734597157,0.5822784810126582,0.7290015847860539,0.2239643782377243
0.43360626989435846,0.5955497382198953,0.7954545454545454,0.33816425120772947,0.4745762711864407,0.6261180679785331,0.21113352477550507
0.38029627702052793,0.5967088607594937,0.810126582278481,0.31683168316831684,0.4555160142348754,0.6177606177606177,0.19985714554786682
0.4509393611684226,0.6606835505286451,0.8554216867469879,0.355,0.5017667844522968,0.6672932330827067,0.19620777666568756
0.33587315993731726,0.5785804020100502,0.8625,0.3209302325581395,0.46779661016949153,0.6448598130841121,0.20414075255393982
0.6120030843441028,0.7352115969137246,0.8571428571428571,0.37320574162679426,0.52,0.680628272251309,0.19506379961967468
0.4308341737766067,0.6284123563218391,0.8735632183908046,0.3486238532110092,0.49836065573770494,0.6713780918727915,0.2046300768852234
0.3840471749761334,0.5955536811664056,0.8023255813953488,0.3382352941176471,0.47586206896551725,0.6295620437956204,0.21054811775684357
0.4238641923523851,0.659023850504057,0.9036144578313253,0.36585365853658536,0.5208333333333334,0.6983240223463687,0.19974717497825623
0.4420953377303702,0.6510006064281383,0.8235294117647058,0.35,0.49122807017543857,0.6481481481481481,0.19982761144638062
0.5175258927118002,0.6793193717277487,0.8636363636363636,0.3671497584541063,0.5152542372881356,0.6797853309481217,0.19830694794654846
0.48709300422233837,0.6688137412775094,0.8194444444444444,0.29064039408866993,0.4290909090909091,0.6008146639511202,0.1763182282447815
0.5349169609329381,0.6749593117879563,0.8804347826086957,0.39901477832512317,0.5491525423728814,0.7092819614711033,0.20558935403823853
0.43022425420034127,0.6475502512562813,0.9,0.33488372093023255,0.488135593220339,0.6728971962616822,0.1939074546098709
0.490328800026138,0.6677177534507377,0.8409090909090909,0.3645320197044335,0.5085910652920962,0.6666666666666666,0.20091819763183594
0.43300973037436025,0.6535939308216536,0.8181818181818182,0.315,0.4548736462093863,0.6200787401574803,0.1865801215171814
0.4354473687101514,0.6790251490795955,0.8289473684210527,0.31343283582089554,0.4548736462093863,0.6237623762376238,0.18414293229579926
0.5175359901375485,0.669904035148572,0.8279569892473119,0.3869346733668342,0.5273972602739726,0.6742556917688266,0.20724496245384216
0.4815902902253181,0.6659547738693468,0.8375,0.32524271844660196,0.46853146853146854,0.6368821292775665,0.1891312450170517
0.4456037971781258,0.6339800117577894,0.8333333333333334,0.36585365853658536,0.5084745762711864,0.6637168141592921,0.20943693816661835
0.4288237746418788,0.6335304553518628,0.898876404494382,0.36199095022624433,0.5161290322580645,0.6932409012131716,0.208722785115242
0.5450410364344022,0.6951696377228291,0.851063829787234,0.39603960396039606,0.5405405405405406,0.6920415224913494,0.2041664868593216
0.5680909522439992,0.7068086552622634,0.9175257731958762,0.419811320754717,0.5760517799352751,0.7416666666666667,0.20688576996326447
0.4348632117590751,0.6816339869281047,0.9333333333333333,0.34146341463414637,0.5,0.693069306930693,0.18157419562339783
0.5107481276753478,0.7009698275862069,0.896551724137931,0.3880597014925373,0.5416666666666666,0.7103825136612022,0.19616180658340454
0.45685997047020177,0.6493257382004185,0.8478260869565217,0.3696682464454976,0.5148514851485149,0.6735751295336787,0.21226336061954498
0.5487185535432053,0.7060923369823893,0.8863636363636364,0.39593908629441626,0.5473684210526316,0.7103825136612022,0.19463451206684113
0.43894660037280003,0.6154430675707271,0.8351648351648352,0.36893203883495146,0.5117845117845118,0.6666666666666666,0.2139529138803482
0.4216637103147658,0.6537988689451684,0.8795180722891566,0.35609756097560974,0.5069444444444444,0.6797020484171322,0.1984492689371109
0.51798633671044,0.6596894767107533,0.8297872340425532,0.38613861386138615,0.527027027027027,0.6747404844290658,0.21047066152095795
0.4573701801361492,0.6581657088122604,0.8620689655172413,0.36585365853658536,0.5136986301369864,0.6781193490054249,0.20486195385456085
0.4283755552366151,0.6479084967320262,0.88,0.308411214953271,0.45674740484429066,0.642023346303502,0.1854366511106491
0.5812431644687647,0.6726815642458102,0.86,0.42786069651741293,0.5714285714285714,0.7154742096505824,0.2152717411518097
0.46911269801101413,0.6312450436161776,0.8556701030927835,0.3878504672897196,0.5337620578778135,0.6893687707641196,0.22068026661872864
0.498686444740867,0.6811784897025172,0.8947368421052632,0.40476190476190477,0.5573770491803278,0.7203389830508474,0.21174341440200806
0.3510423544493043,0.5883761138449262,0.7945205479452054,0.29441624365482233,0.42962962962962964,0.5930470347648262,0.1915075033903122
0.47984739350470346,0.6574845311756307,0.8522727272727273,0.35377358490566035,0.5,0.6648936170212766,0.20180383324623108
0.5081680142973717,0.6674408066160643,0.8041237113402062,0.3979591836734694,0.5324232081911263,0.6678082191780822,0.21530167758464813
0.4063837052677065,0.6284029038112523,0.8289473684210527,0.3181818181818182,0.45985401459854014,0.6274900398406374,0.1895538866519928
0.425838791575749,0.6861550427793621,0.868421052631579,0.3188405797101449,0.4664310954063604,0.6457925636007827,0.18440963327884674
0.4295501025638686,0.6613732801851613,0.8961038961038961,0.32547169811320753,0.47750865051903113,0.6634615384615384,0.18710540235042572
0.4362792683206571,0.6053497942386832,0.8111111111111111,0.365,0.503448275862069,0.6517857142857143,0.21400949358940125
0.5382473398893842,0.703963122605364,0.8505747126436781,0.37,0.5156794425087108,0.6751824817518248,0.19299688935279846
0.5021832921646512,0.6857638888888888,0.8505747126436781,0.35406698564593303,0.5,0.6642728904847397,0.1973939836025238
0.5173938786985718,0.7219169719169719,0.9166666666666666,0.3737864077669903,0.5310344827586206,0.7103321033210332,0.18890294432640076
0.34600606223491204,0.570083551565033,0.8148148148148148,0.3157894736842105,0.45517241379310347,0.6191369606003753,0.20728044211864471
0.4736714515775604,0.6728815738716729,0.8831168831168831,0.32075471698113206,0.47058823529411764,0.6538461538461539,0.18389688432216644
0.46944915674156107,0.6568774161366754,0.9506172839506173,0.3347826086956522,0.49517684887459806,0.6949458483754513,0.1929669976234436
0.43317790561576297,0.6279198426358494,0.8554216867469879,0.34134615384615385,0.4879725085910653,0.6574074074074074,0.19973023235797882
0.5195464213022122,0.6612233445566779,0.898989898989899,0.4158878504672897,0.5686900958466453,0.7295081967213115,0.21867762506008148
0.5757508419343679,0.6755975982780107,0.845360824742268,0.4019607843137255,0.5448504983388704,0.6925675675675675,0.2095136195421219
0.4310982222087205,0.6660175879396985,0.85,0.32075471698113206,0.4657534246575342,0.6390977443609023,0.19187356531620026
0.4352773829650642,0.6744247905306556,0.863013698630137,0.3058252427184466,0.45161290322580644,0.6325301204819277,0.17995747923851013
0.3927334235798916,0.6194131484462053,0.8536585365853658,0.3349282296650718,0.48109965635738833,0.6517690875232774,0.20252856612205505
0.47831610230208327,0.639635887672537,0.8409090909090909,0.357487922705314,0.5016949152542373,0.6618962432915921,0.20408189296722412
0.47879314070152623,0.6524185823754789,0.8390804597701149,0.3443396226415094,0.4882943143812709,0.6517857142857143,0.20039887726306915
0.5125749996960178,0.6140505584950029,0.7666666666666667,0.34328358208955223,0.4742268041237113,0.6149732620320856,0.20861515402793884
0.48526566430914664,0.6367395491106831,0.8865979381443299,0.3891402714932127,0.5408805031446541,0.7060755336617406,0.2190076857805252
0.5223158885242896,0.7097102490421456,0.8620689655172413,0.373134328358209,0.5208333333333334,0.6830601092896175,0.19430670142173767
0.4539020676423483,0.6457164234942012,0.8148148148148148,0.3113207547169811,0.45051194539249145,0.6156716417910447,0.19379982352256775
0.43207056550249145,0.6370710549815028,0.8076923076923077,0.3073170731707317,0.4452296819787986,0.6092843326885881,0.18928852677345276
0.46381068630768757,0.6584047462096242,0.8108108108108109,0.3076923076923077,0.44609665427509293,0.6109979633401222,0.17981365323066711
0.49997702342428146,0.6750572082379862,0.9263157894736842,0.411214953271028,0.56957928802589,0.7407407407407407,0.21148675680160522
0.45686567269899764,0.6408255289628859,0.8817204301075269,0.3942307692307692,0.5448504983388704,0.7068965517241379,0.21388556063175201
0.4241538700220963,0.6403880070546738,0.8888888888888888,0.37735849056603776,0.5298013245033113,0.6993006993006993,0.21108785271644592
0.47075774138178766,0.6825972313777192,0.8378378378378378,0.31155778894472363,0.4542124542124542,0.6262626262626263,0.1782275289297104
0.43235434857634636,0.6389353221036389,0.8571428571428571,0.3157894736842105,0.46153846153846156,0.6382978723404256,0.18894335627555847
0.5139627304279415,0.6998824221046444,0.8666666666666667,0.37320574162679426,0.5217391304347826,0.6854130052724078,0.20001381635665894
0.4282982453152987,0.656012658227848,0.8860759493670886,0.3349282296650718,0.4861111111111111,0.6666666666666666,0.19087785482406616
0.5545596831717055,0.6650778888630552,0.8695652173913043,0.3669724770642202,0.5161290322580645,0.6825938566552902,0.2046884298324585
0.5064837445801698,0.6859334081556305,0.8395061728395061,0.35051546391752575,0.49454545454545457,0.6563706563706564,0.18827496469020844
0.3784714451563121,0.5998893533316941,0.8313253012048193,0.3382352941176471,0.4808362369337979,0.6436567164179104,0.20655234158039093
0.45439113401482756,0.671225448849259,0.8953488372093024,0.38308457711442784,0.5365853658536586,0.7064220183486238,0.20098423957824707
0.4167862468161399,0.6600874373151601,0.8701298701298701,0.32367149758454106,0.47183098591549294,0.6504854368932039,0.18818879127502441
0.4235871721205244,0.6262626262626262,0.8271604938271605,0.32211538461538464,0.46366782006920415,0.6296992481203008,0.19639620184898376
0.555423483592694,0.6927608474000226,0.9072164948453608,0.42105263157894735,0.5751633986928104,0.7370184254606366,0.2095676064491272
0.4436225608575664,0.6555914750957854,0.8850574712643678,0.36492890995260663,0.5167785234899329,0.6887298747763864,0.20270642638206482
0.437569345374827,0.6525009643821524,0.8311688311688312,0.32989690721649484,0.47232472324723246,0.6374501992031872,0.18825504183769226
0.4377244162593117,0.6546753412425055,0.7948717948717948,0.3163265306122449,0.45255474452554745,0.610236220472441,0.18874827027320862
0.49524353501904217,0.7151898734177216,0.8734177215189873,0.3382352941176471,0.4876325088339223,0.6634615384615384,0.18190045654773712
0.4843731227422665,0.6591235632183907,0.8045977011494253,0.37433155080213903,0.5109489051094891,0.6542056074766355,0.20154544711112976
0.6395230827995463,0.7499430783242259,0.8958333333333334,0.4195121951219512,0.5714285714285714,0.7300509337860781,0.19741307199001312
0.5236323123239532,0.6998323754789273,0.8390804597701149,0.3882978723404255,0.5309090909090909,0.6809701492537313,0.19527336955070496
0.45891099416019016,0.6259018332347722,0.8089887640449438,0.3711340206185567,0.508833922261484,0.6545454545454545,0.21016104519367218
0.45462164979922826,0.6560615020697812,0.8764044943820225,0.40414507772020725,0.5531914893617021,0.7103825136612022,0.2058752179145813
0.43289535917011857,0.6307474797147775,0.8433734939759037,0.32558139534883723,0.4697986577181208,0.6398537477148081,0.19946105778217316
0.3767153150414756,0.6538112522686026,0.868421052631579,0.32195121951219513,0.4697508896797153,0.6483300589390962,0.18968082964420319
0.48502416291807865,0.653510412769672,0.8641975308641975,0.32407407407407407,0.4713804713804714,0.6481481481481481,0.19085542857646942
0.49872496807925176,0.7154611557596632,0.8589743589743589,0.33668341708542715,0.48375451263537905,0.6555772994129159,0.18101030588150024
0.49527092806300266,0.6480747802401882,0.8658536585365854,0.3287037037037037,0.47651006711409394,0.6525735294117647,0.19403935968875885
0.4700212692348392,0.6205290396779759,0.8297872340425532,0.3804878048780488,0.5217391304347826,0.6712564543889845,0.21741162240505219
0.49624314887965504,0.6822346501665875,0.8409090909090909,0.36633663366336633,0.5103448275862069,0.6678700361010831,0.20025046169757843
0.4476047683097235,0.6874115983026874,0.8961038961038961,0.3399014778325123,0.4928571428571429,0.675146771037182,0.18457116186618805
0.38572667202790084,0.6207406454931207,0.7532467532467533,0.32044198895027626,0.4496124031007752,0.5930470347648262,0.19301442801952362
0.4311039717801321,0.6431942849853298,0.8589743589743589,0.3316831683168317,0.4785714285714286,0.6517509727626459,0.19045490026474
0.479280618619063,0.6366262603376006,0.8350515463917526,0.400990099009901,0.5418060200668896,0.6864406779661016,0.2203126847743988
0.4428845106539747,0.6244346733668341,0.7875,0.32142857142857145,0.45652173913043476,0.6104651162790697,0.19425369799137115
0.4833045309842177,0.6550784291912337,0.9108910891089109,0.42201834862385323,0.5768025078369906,0.7395498392282959,0.22248457372188568
0.47616199125265896,0.6230961446930033,0.8636363636363636,0.36538461538461536,0.5135135135135135,0.6785714285714286,0.2067161202430725
0.4146601161196149,0.619459141681364,0.8777777777777778,0.3798076923076923,0.5302013422818792,0.6954225352112676,0.21268703043460846
0.48730517952717833,0.6915708812260536,0.8390804597701149,0.365,0.5087108013937283,0.666058394160584,0.19935619831085205
0.4017455956276266,0.6520769445218846,0.9264705882352942,0.2903225806451613,0.4421052631578947,0.6441717791411042,0.1753227561712265
0.5347443140138731,0.6844338525924204,0.9021739130434783,0.39903846153846156,0.5533333333333333,0.7204861111111112,0.20287542045116425
0.49769259232833396,0.6771310993533215,0.8444444444444444,0.3781094527363184,0.5223367697594502,0.6773618538324421,0.20396976172924042
0.49812782421395163,0.6881746513038205,0.8588235294117647,0.365,0.512280701754386,0.6759259259259259,0.19449205696582794
0.5228169055649287,0.7026742602451405,0.8414634146341463,0.3399014778325123,0.4842105263157895,0.6497175141242938,0.18591587245464325
0.5240696048323112,0.7144086550282763,0.8674698795180723,0.36548223350253806,0.5142857142857142,0.6805293005671077,0.18746598064899445
0.4894465654881507,0.6281072956411146,0.8172043010752689,0.3584905660377358,0.49836065573770494,0.6506849315068494,0.2124793380498886
0.36745003658234815,0.6042118093174432,0.8169014084507042,0.2761904761904762,0.4128113879003559,0.5870445344129555,0.18514932692050934
0.4710490061908486,0.6824836601307189,0.8666666666666667,0.32019704433497537,0.4676258992805755,0.6461232604373758,0.17971429228782654
0.4424451426738644,0.6369559872141628,0.7831325301204819,0.33163265306122447,0.4659498207885305,0.615530303030303,0.1979931741952896
0.46672392704650983,0.6450456700196555,0.8172043010752689,0.37438423645320196,0.5135135135135135,0.6608695652173913,0.21206168830394745
0.44374756678938476,0.6828157349896481,0.8695652173913043,0.2898550724637681,0.43478260869565216,0.6211180124223602,0.17015652358531952
0.43646872192006325,0.630922986478542,0.8666666666666667,0.375,0.5234899328859061,0.6866197183098591,0.2111496776342392
0.4931087980820389,0.6419437340153453,0.8260869565217391,0.38,0.5205479452054794,0.6690140845070423,0.20975196361541748
0.4073010755962392,0.657334751961697,0.8767123287671232,0.3033175355450237,0.4507042253521127,0.6361829025844931,0.1822669804096222
0.4706677002759427,0.6891163793103449,0.8735632183908046,0.39790575916230364,0.5467625899280576,0.7050092764378478,0.20102643966674805
0.5183212153855349,0.6668809913490765,0.8901098901098901,0.3894230769230769,0.5418060200668896,0.708041958041958,0.20444105565547943
0.48643802403398295,0.667919951485749,0.8,0.35602094240837695,0.4927536231884058,0.64030131826742,0.19561100006103516
0.43975438624484664,0.6449961109670728,0.8026315789473685,0.31443298969072164,0.45185185185185184,0.6124497991967871,0.18611812591552734
0.4121729080138342,0.6045787545787545,0.8095238095238095,0.33663366336633666,0.4755244755244755,0.6319702602230484,0.20493899285793304
0.4258313532050041,0.5909353682506647,0.8602150537634409,0.36199095022624433,0.5095541401273885,0.6745362563237775,0.21995915472507477
0.5270504624288287,0.6855963729365263,0.8804347826086957,0.37155963302752293,0.5225806451612903,0.6911262798634812,0.20506617426872253
0.5137820846261856,0.6873015873015873,0.8444444444444444,0.36363636363636365,0.5083612040133779,0.6678383128295254,0.20000022649765015
0.44108081120107656,0.6460319425529282,0.9146341463414634,0.3488372093023256,0.5050505050505051,0.6906077348066298,0.1963840276002884
0.4240199996996039,0.6958965330444203,0.8309859154929577,0.29207920792079206,0.43223443223443225,0.6069958847736625,0.17566053569316864
0.45899377120288204,0.6748947569843092,0.8974358974358975,0.33175355450236965,0.4844290657439446,0.6692160611854685,0.18593016266822815
0.4771197752910049,0.6362507392075696,0.8089887640449438,0.3673469387755102,0.5052631578947369,0.6521739130434783,0.2060166448354721
0.39780099935694196,0.6056656470275302,0.7671232876712328,0.2679425837320574,0.3971631205673759,0.5588822355289421,0.1861296147108078
0.5029902721551256,0.6750280583613918,0.8383838383838383,0.41708542713567837,0.5570469798657718,0.6974789915966386,0.21763718128204346
0.5864198032381264,0.6860766324878576,0.8715596330275229,0.4337899543378995,0.5792682926829268,0.7251908396946565,0.2279609590768814
0.4271345983842327,0.6541139240506328,0.8227848101265823,0.32019704433497537,0.46099290780141844,0.626204238921002,0.19039224088191986
0.5343488943804731,0.6900797780090184,0.8924731182795699,0.415,0.5665529010238908,0.7255244755244755,0.20688562095165253
0.39848457305530194,0.662816131237184,0.8714285714285714,0.3193717277486911,0.4674329501915709,0.6475583864118896,0.17857056856155396
0.4898376861951673,0.6466065441091455,0.8494623655913979,0.38349514563106796,0.5284280936454849,0.6833910034602076,0.21292367577552795
0.4588594562865487,0.5666078777189888,0.7444444444444445,0.3175355450236967,0.44518272425249167,0.5866900175131349,0.21399450302124023
0.5042711814370613,0.7430931744312026,0.9295774647887324,0.3235294117647059,0.48,0.6762295081967213,0.16787059605121613
0.4977312554644058,0.6617462311557789,0.825,0.3113207547169811,0.4520547945205479,0.6203007518796992,0.18940722942352295
0.33132695458176825,0.6265261627906977,0.890625,0.2676056338028169,0.41155234657039713,0.6076759061833689,0.17324082553386688
0.48457438284839094,0.6294413407821229,0.81,0.40298507462686567,0.5382059800664452,0.6738768718801996,0.22696973383426666
0.39295825936452555,0.6682404575076472,0.8493150684931506,0.3229166666666667,0.4679245283018868,0.640495867768595,0.18207494914531708
0.36494714176797294,0.5859355790508974,0.7951807228915663,0.3235294117647059,0.45993031358885017,0.6156716417910447,0.20870627462863922
0.4256772738938516,0.6603921568627451,0.8666666666666667,0.30660377358490565,0.4529616724738676,0.634765625,0.18397152423858643
0.4913230077395768,0.638445978105664,0.8636363636363636,0.35023041474654376,0.49836065573770494,0.6678383128295254,0.20426799356937408
0.3981910084480494,0.5970598867333413,0.8488372093023255,0.3411214953271028,0.4866666666666667,0.6541218637992832,0.21087133884429932
0.41173799745282647,0.6047301394784718,0.8235294117647058,0.33980582524271846,0.48109965635738833,0.6410256410256411,0.20552192628383636
0.4647179032250121,0.6679460195617184,0.9024390243902439,0.3523809523809524,0.5068493150684932,0.6877323420074349,0.19482550024986267
0.45568201668014824,0.6522223597870496,0.8170731707317073,0.34183673469387754,0.48201438848920863,0.6393129770992366,0.19503113627433777
0.4565951429913908,0.6534983341266063,0.8863636363636364,0.37320574162679426,0.5252525252525253,0.6951871657754011,0.20406202971935272
0.4634329941789436,0.6293702107279693,0.8275862068965517,0.3582089552238806,0.5,0.6557377049180327,0.20476296544075012
0.5326555353943889,0.7088027733069209,0.8658536585365854,0.3480392156862745,0.4965034965034965,0.6672932330827067,0.18619824945926666
0.5156721674516312,0.6905692926969522,0.9148936170212766,0.39631336405529954,0.5530546623794212,0.7251264755480608,0.20695601403713226
0.4862047367638006,0.6598765432098765,0.8787878787878788,0.4264705882352941,0.5742574257425742,0.725,0.2213800698518753
0.5027126440376593,0.6516403256704981,0.8620689655172413,0.36231884057971014,0.5102040816326531,0.6756756756756757,0.20027393102645874
0.37480166948177546,0.6437572328661437,0.8441558441558441,0.3155339805825243,0.45936395759717313,0.632295719844358,0.19300426542758942
0.4545479453996546,0.6876256281407035,0.875,0.3211009174311927,0.4697986577181208,0.6505576208178439,0.18746110796928406
0.3760617805075438,0.6045854271356784,0.825,0.3142857142857143,0.45517241379310347,0.6226415094339622,0.19995924830436707
0.36483357811285216,0.6273658283640136,0.8552631578947368,0.32663316582914576,0.4727272727272727,0.6461232604373758,0.19200623035430908
0.3752662555001812,0.6225845410628019,0.8055555555555556,0.29,0.4264705882352941,0.5942622950819673,0.185365691781044
0.38493331230786837,0.630078548212351,0.8169014084507042,0.2871287128712871,0.4249084249084249,0.5967078189300411,0.1832052767276764
0.548790513943979,0.7084471766848817,0.8958333333333334,0.4215686274509804,0.5733333333333334,0.7312925170068028,0.20802320539951324
0.437493656204214,0.6111556064073227,0.8526315789473684,0.39705882352941174,0.5418060200668896,0.6934931506849316,0.22219614684581757
0.6229434450184291,0.7179319371727748,0.8522727272727273,0.373134328358209,0.5190311418685121,0.6781193490054249,0.1894749402999878
0.4516110949896736,0.6326435712624972,0.8152173913043478,0.375,0.5136986301369864,0.6602112676056338,0.21244655549526215
0.4546167415104823,0.6024726854514089,0.8191489361702128,0.3869346733668342,0.5255972696245734,0.6695652173913044,0.21897543966770172
0.4713421171417729,0.6504559270516717,0.8571428571428571,0.3786407766990291,0.5252525252525253,0.6842105263157895,0.20913748443126678
0.4736086747329988,0.6608596743295019,0.8735632183908046,0.37438423645320196,0.5241379310344828,0.6896551724137931,0.2012663036584854
0.5793764466264657,0.7121579876434245,0.9029126213592233,0.4449760765550239,0.5961538461538461,0.748792270531401,0.21643833816051483
0.4721158060313687,0.6796763445978106,0.8977272727272727,0.3872549019607843,0.541095890410959,0.710431654676259,0.2019960880279541
0.3801988608126464,0.5639386189258312,0.8586956521739131,0.3761904761904762,0.5231788079470199,0.6833910034602076,0.2258375585079193
0.39378064653492023,0.5831940336890831,0.8051948051948052,0.30097087378640774,0.4381625441696113,0.603112840466926,0.1948755979537964
0.3896397997357774,0.6098651801918589,0.8552631578947368,0.3080568720379147,0.4529616724738676,0.6310679611650486,0.19206257164478302
0.4218319207720346,0.5862637362637363,0.8333333333333334,0.3349282296650718,0.4778156996587031,0.6422018348623854,0.2050468623638153
0.5131884184948465,0.6970886075949367,0.8860759493670886,0.3645833333333333,0.5166051660516605,0.6889763779527559,0.183829665184021
0.4980904611152211,0.6628481012658227,0.8354430379746836,0.3251231527093596,0.46808510638297873,0.6358381502890174,0.18685714900493622
0.4335748441678016,0.6676582278481012,0.8354430379746836,0.3283582089552239,0.4714285714285714,0.6382978723404256,0.19021360576152802
0.4824466393805478,0.7191224268689057,0.8873239436619719,0.3118811881188119,0.46153846153846156,0.6481481481481481,0.170671746134758
0.49939584605836107,0.6454894210648685,0.8804347826086957,0.37155963302752293,0.5225806451612903,0.6911262798634812,0.20933480560779572
0.48386869142310596,0.635,0.8227848101265823,0.3080568720379147,0.4482758620689655,0.6166982922201139,0.19111832976341248
0.4917203185875966,0.6582122905027933,0.82,0.4293193717277487,0.563573883161512,0.6937394247038917,0.22376297414302826
0.3318643710368697,0.6207729468599035,0.8985507246376812,0.2980769230769231,0.44765342960288806,0.640495867768595,0.1832544058561325
0.4249881741897202,0.6397156283889626,0.872093023255814,0.35545023696682465,0.5050505050505051,0.6756756756756757,0.204869344830513
0.4865976255933493,0.6764957264957265,0.8809523809523809,0.3627450980392157,0.5138888888888888,0.6851851851851852,0.19443966448307037
0.4743214924997203,0.6511015325670498,0.8275862068965517,0.35121951219512193,0.4931506849315068,0.650994575045208,0.20111288130283356
0.4580393142191586,0.6341419041843542,0.8235294117647058,0.35,0.49122807017543857,0.6481481481481481,0.2022571712732315
0.45290937927563724,0.637256068538791,0.8295454545454546,0.365,0.5069444444444444,0.6612318840579711,0.20648667216300964
0.5097284080133595,0.6815649374767859,0.8780487804878049,0.36,0.5106382978723404,0.6818181818181818,0.1896701157093048
0.5248188634589515,0.6954144620811288,0.8666666666666667,0.38235294117647056,0.5306122448979592,0.6914893617021277,0.20017662644386292
0.4304744778782091,0.6176963601532567,0.8160919540229885,0.33490566037735847,0.47491638795986624,0.6339285714285714,0.20862874388694763
0.4534201360953309,0.6304939952952828,0.8170731707317073,0.32367149758454106,0.46366782006920415,0.6261682242990654,0.19602355360984802
0.4590231915092029,0.6375813241484882,0.8205128205128205,0.3076923076923077,0.44755244755244755,0.6153846153846154,0.18968017399311066
0.44134275890531716,0.6717795236313755,0.8641975308641975,0.36649214659685864,0.5147058823529411,0.6796116504854369,0.19191594421863556
0.4830317724635645,0.665252266914671,0.8804347826086957,0.37850467289719625,0.5294117647058824,0.6958762886597938,0.20780162513256073
0.47862219607261147,0.6427910741126142,0.8709677419354839,0.37850467289719625,0.5276872964169381,0.6911262798634812,0.21242305636405945
0.4378966787757896,0.6865189873417721,0.8860759493670886,0.33816425120772947,0.48951048951048953,0.6692160611854685,0.18870869278907776
0.4974598367405495,0.6835435506901475,0.9318181818181818,0.36607142857142855,0.5256410256410257,0.7118055555555556,0.20124827325344086
0.5136195509742852,0.6942527367920038,0.9090909090909091,0.3902439024390244,0.5460750853242321,0.718132854578097,0.1972077488899231
0.5322368351078653,0.7037229737541912,0.9139784946236559,0.4009433962264151,0.5573770491803278,0.7277397260273972,0.20261350274085999
0.3774949892451883,0.6451787648970747,0.7746478873239436,0.28350515463917525,0.41509433962264153,0.5753138075313807,0.18138393759727478
0.42079835414449557,0.6590614467202489,0.881578947368421,0.32057416267942584,0.47017543859649125,0.6530214424951267,0.18564383685588837
0.49741509714722043,0.6598324022346369,0.87,0.41037735849056606,0.5576923076923077,0.7107843137254902,0.22120417654514313
0.4642614961569271,0.6803517283201941,0.8705882352941177,0.36633663366336633,0.5156794425087108,0.6826568265682657,0.19571106135845184
0.5132681550729336,0.6739052831984769,0.875,0.3719806763285024,0.5220338983050847,0.6887298747763864,0.1989879608154297
0.5339138408847979,0.672654462242563,0.8736842105263158,0.41089108910891087,0.5589225589225589,0.7130584192439863,0.21212390065193176
0.48862878708931134,0.670803711290517,0.8372093023255814,0.36548223350253806,0.508833922261484,0.6654343807763401,0.19767256081104279
0.4553099714898633,0.6340812613705276,0.8588235294117647,0.35960591133004927,0.5069444444444444,0.6721915285451197,0.2011767327785492
0.497155965502042,0.6736190840668452,0.8205128205128205,0.31683168316831684,0.45714285714285713,0.622568093385214,0.18461482226848602
0.5321041479380727,0.7181806091235536,0.9315068493150684,0.34,0.4981684981684982,0.6910569105691057,0.17028313875198364
0.3762841176291428,0.6043152200639291,0.8554216867469879,0.3497536945812808,0.4965034965034965,0.6635514018691588,0.2053467184305191
0.49496847549425227,0.6800216893601638,0.8372093023255814,0.35121951219512193,0.4948453608247423,0.6557377049180327,0.19693110883235931
0.3723858412117719,0.6046202531645569,0.8481012658227848,0.3284313725490196,0.4734982332155477,0.6442307692307693,0.1987970471382141
0.43155560723533043,0.6615698898105733,0.8536585365853658,0.3448275862068966,0.49122807017543857,0.6591337099811676,0.19345928728580475
0.5151219358329718,0.737945223093738,0.922077922077922,0.34299516908212563,0.5,0.6893203883495146,0.17747430503368378
0.5562184390971028,0.6744765702891324,0.8823529411764706,0.4166666666666667,0.5660377358490566,0.7211538461538461,0.22047653794288635
0.5212832481220859,0.6950786056049214,0.8285714285714286,0.2636363636363636,0.4,0.58,0.1699836254119873
0.508570265734607,0.6923122412773506,0.898876404494382,0.3791469194312796,0.5333333333333333,0.7054673721340388,0.1987559050321579
0.5059249800906159,0.6817528735632183,0.8735632183908046,0.36018957345971564,0.5100671140939598,0.6797853309481217,0.19658972322940826
0.47253737648646377,0.6321243523316062,0.8023255813953488,0.35751295336787564,0.4946236559139785,0.6424581005586593,0.20271673798561096
0.4193123680595324,0.6618090452261307,0.8625,0.350253807106599,0.4981949458483754,0.6673114119922631,0.19310066103935242
0.42459014138788964,0.6431644947135481,0.7951807228915663,0.34196891191709844,0.4782608695652174,0.6285714285714286,0.19874250888824463
0.457615324719767,0.6841080402010051,0.9,0.34285714285714286,0.496551724137931,0.6792452830188679,0.18808773159980774
0.4756507266516056,0.7056705670567056,0.8961038961038961,0.323943661971831,0.47586206896551725,0.6621880998080614,0.18006622791290283
0.40670272203883356,0.6575477916941331,0.8918918918918919,0.3113207547169811,0.46153846153846156,0.6496062992125984,0.18345782160758972
0.49750112905464206,0.6817019297837713,0.9130434782608695,0.4057971014492754,0.5618729096989966,0.7304347826086957,0.20735618472099304
0.4951700354893951,0.6507954166203137,0.8712871287128713,0.42105263157894735,0.567741935483871,0.7177814029363785,0.22257792949676514
0.5003186588068933,0.6963489577057478,0.8837209302325582,0.3584905660377358,0.5100671140939598,0.6834532374100719,0.1960153728723526
0.528609178219973,0.7009757258448358,0.8863636363636364,0.3786407766990291,0.5306122448979592,0.6989247311827957,0.1957741528749466
0.48492353505837216,0.6286503551696923,0.826530612244898,0.391304347826087,0.5311475409836065,0.676126878130217,0.22059690952301025
0.3899211478193677,0.6479780584258197,0.9102564102564102,0.3333333333333333,0.4879725085910653,0.6761904761904762,0.19211125373840332
0.446383810911657,0.6751546882436935,0.8636363636363636,0.36893203883495146,0.5170068027210885,0.6810035842293907,0.20429004728794098
0.611904564098158,0.7374926079243052,0.8539325842696629,0.37254901960784315,0.5187713310580204,0.6785714285714286,0.19049061834812164
0.4784504225831069,0.6292929292929293,0.8484848484848485,0.4077669902912621,0.5508196721311476,0.6976744186046512,0.22366565465927124
0.4458577573568343,0.6771376591873862,0.8588235294117647,0.3686868686868687,0.5159010600706714,0.6784386617100372,0.1975758820772171
0.44934588640929696,0.6852256654236852,0.8961038961038961,0.3333333333333333,0.4859154929577465,0.6699029126213593,0.18548108637332916
0.5013111639519681,0.7085727969348659,0.9080459770114943,0.40512820512820513,0.5602836879432624,0.7274401473296501,0.19675418734550476
0.5053090296716809,0.6591513469765291,0.8817204301075269,0.4039408866995074,0.5540540540540541,0.7130434782608696,0.21046647429466248
0.4022182041635748,0.581943645773433,0.8404255319148937,0.3674418604651163,0.511326860841424,0.6683587140439933,0.22351807355880737
0.45856060121214226,0.630926724137931,0.8045977011494253,0.3553299492385787,0.49295774647887325,0.6422018348623854,0.2050994634628296
0.5063718598859022,0.6635508524397413,0.8444444444444444,0.37623762376237624,0.5205479452054794,0.6761565836298933,0.2030680924654007
0.4997161293370339,0.6668430335097002,0.8666666666666667,0.37320574162679426,0.5217391304347826,0.6854130052724078,0.20381402969360352
0.4012764527947665,0.6665780023939354,0.863013698630137,0.3103448275862069,0.45652173913043476,0.6363636363636364,0.18234527111053467
0.4955314480582478,0.661113755354593,0.875,0.3737864077669903,0.5238095238095238,0.6899641577060932,0.2017466276884079
0.45829465646621614,0.65947704542716,0.872093023255814,0.35377358490566035,0.5033557046979866,0.6744604316546763,0.2008158266544342
0.5765999882165984,0.7129333661175312,0.8433734939759037,0.358974358974359,0.5035971223021583,0.6641366223908919,0.1847265362739563
0.5145177455960843,0.7365631624890885,0.9135802469135802,0.3627450980392157,0.519298245614035,0.7007575757575758,0.18428517878055573
0.5844652743614234,0.7036637931034482,0.8850574712643678,0.375609756097561,0.5273972602739726,0.6962025316455697,0.18997356295585632
0.40414813314665016,0.6351728320194058,0.8705882352941177,0.357487922705314,0.5068493150684932,0.676416819012797,0.20547974109649658
0.5307319040199897,0.6895604395604396,0.8809523809523809,0.36633663366336633,0.5174825174825175,0.6877323420074349,0.191886305809021
0.5469368059795476,0.7007642563198119,0.8222222222222222,0.3978494623655914,0.5362318840579711,0.6776556776556777,0.19816306233406067
0.44725595549598407,0.6717336683417086,0.8625,0.345,0.4928571428571429,0.6634615384615384,0.1910216063261032
0.478340500760262,0.6998692810457516,0.84,0.328125,0.47191011235955055,0.6402439024390244,0.17761166393756866
0.6063471989373664,0.7112835617990257,0.8762886597938144,0.3953488372093023,0.5448717948717948,0.7048092868988391,0.20292165875434875
0.49609063778786877,0.6932413136601618,0.8863636363636364,0.38235294117647056,0.5342465753424658,0.7014388489208633,0.19957782328128815
0.4578258510009273,0.6464031811061575,0.8604651162790697,0.3592233009708738,0.5068493150684932,0.6727272727272727,0.2019844353199005
0.47545673994440985,0.6257847012322716,0.8260869565217391,0.3568075117370892,0.49836065573770494,0.6540447504302926,0.21292617917060852
0.44874801079625604,0.6629396984924623,0.8625,0.3520408163265306,0.5,0.6686046511627907,0.1911250799894333
0.4889691056158886,0.6421858055187373,0.8023255813953488,0.3670212765957447,0.5036496350364964,0.6484962406015038,0.2007112056016922
0.4556945813448584,0.6745421245421245,0.8690476190476191,0.365,0.5140845070422535,0.6809701492537313,0.1976126730442047
0.5357584721324866,0.7018678160919539,0.8045977011494253,0.37037037037037035,0.5072463768115942,0.6517690875232774,0.19472748041152954
0.4520945101288474,0.6574633806091608,0.9456521739130435,0.37662337662337664,0.5386996904024768,0.7262103505843072,0.21134355664253235
0.4564843872841655,0.5865659209900048,0.7954545454545454,0.32710280373831774,0.46357615894039733,0.6183745583038869,0.211128368973732
0.45907917177234797,0.6277609858172517,0.8369565217391305,0.3598130841121495,0.5032679738562091,0.6615120274914089,0.21301868557929993
0.5028069206878827,0.6404826958105647,0.8541666666666666,0.38497652582159625,0.5307443365695793,0.6867671691792295,0.21498121321201324
0.4432881566729478,0.6243974132863022,0.8777777777777778,0.35267857142857145,0.5031847133757962,0.6763698630136986,0.21063628792762756
0.4209487722221533,0.6404467960023514,0.8333333333333334,0.3694581280788177,0.5119453924914675,0.6660746003552398,0.21279658377170563
0.3751414094867506,0.7019786910197869,0.8666666666666667,0.26,0.4,0.5909090909090909,0.16010765731334686
0.5562868203222842,0.6792197542000226,0.8979591836734694,0.39111111111111113,0.544891640866873,0.713128038897893,0.21062324941158295
0.4500567847317388,0.6740577889447236,0.85,0.3434343434343434,0.4892086330935252,0.6563706563706564,0.1913759857416153
0.35644821401929916,0.5475780673715269,0.7469879518072289,0.31313131313131315,0.4412811387900356,0.5849056603773585,0.21212263405323029
0.4901785648017368,0.6409282207154547,0.8571428571428571,0.3804878048780488,0.527027027027027,0.6854130052724078,0.21011567115783691
0.4549003646137297,0.6288659793814433,0.7647058823529411,0.3299492385786802,0.46099290780141844,0.6052141527001862,0.20147272944450378
0.47530540553165834,0.6836119990164742,0.9036144578313253,0.3605769230769231,0.5154639175257731,0.6944444444444444,0.19252364337444305
0.4573752138839805,0.6458006988793831,0.8604651162790697,0.3557692307692308,0.5034013605442177,0.6702898550724637,0.20326454937458038
0.4148749837266228,0.6455146486906922,0.868421052631579,0.3188405797101449,0.4664310954063604,0.6457925636007827,0.1886625736951828
0.3729561788287654,0.5769620253164557,0.7848101265822784,0.31,0.4444444444444444,0.6007751937984496,0.2013886421918869
0.4231556543546888,0.6245330762742499,0.813953488372093,0.33980582524271846,0.4794520547945205,0.6363636363636364,0.20571815967559814
0.43106014920438884,0.6356532356532357,0.8571428571428571,0.34615384615384615,0.4931506849315068,0.6617647058823529,0.20072315633296967
0.4676554086901221,0.6642857142857143,0.8690476190476191,0.3613861386138614,0.5104895104895105,0.6784386617100372,0.19612014293670654
0.48999979354173384,0.6749762018086625,0.875,0.3888888888888889,0.5384615384615384,0.7,0.2019128054380417
0.5258697495011667,0.6945288753799392,0.9010989010989011,0.39805825242718446,0.5521885521885522,0.7192982456140351,0.20148919522762299
0.49039208211150614,0.6938442211055277,0.875,0.3448275862068966,0.49469964664310956,0.6692160611854685,0.1861102133989334
0.5206594097795308,0.741331575477917,0.9054054054054054,0.3316831683168317,0.4855072463768116,0.6726907630522089,0.17056171596050262
0.3702258418678918,0.635489266796766,0.8235294117647058,0.28426395939086296,0.4226415094339623,0.5970149253731343,0.17809604108333588
0.515553027436893,0.6894755747126438,0.8620689655172413,0.3640776699029126,0.5119453924914675,0.6768953068592057,0.1966327279806137
0.41451773011440146,0.5913280776228017,0.8235294117647058,0.32558139534883723,0.4666666666666667,0.6306306306306306,0.20923231542110443
0.45780224958913324,0.6607422581033859,0.8488372093023255,0.35096153846153844,0.4965986394557823,0.6612318840579711,0.2013474851846695
0.5625074794969992,0.7250454821103699,0.9058823529411765,0.3615023474178404,0.5167785234899329,0.6962025316455697,0.18837788701057434
0.46107778247453024,0.646859296482412,0.875,0.330188679245283,0.4794520547945205,0.6578947368421053,0.19195012748241425
0.4345673858983947,0.6028104575163399,0.8533333333333334,0.29767441860465116,0.4413793103448276,0.6213592233009708,0.1880984902381897
0.48464391959516084,0.6893844221105527,0.85,0.3285024154589372,0.4738675958188153,0.6451612903225806,0.18711631000041962
0.45921489995367126,0.68923805960843,0.8888888888888888,0.3444976076555024,0.496551724137931,0.6754221388367729,0.1899227648973465
0.48599333195882066,0.6376108811354227,0.8202247191011236,0.35960591133004927,0.5,0.6529516994633273,0.20595242083072662
0.500174047815412,0.6920438957475995,0.8765432098765432,0.3397129186602871,0.4896551724137931,0.6660412757973734,0.18869522213935852
0.3752692629319002,0.5970886075949366,0.8607594936708861,0.3148148148148148,0.4610169491525424,0.6390977443609023,0.19975392520427704
0.3982148690633327,0.6171705574690649,0.8333333333333334,0.3023255813953488,0.44368600682593856,0.6166982922201139,0.19546809792518616
0.44464409329424137,0.67126582278481,0.9113924050632911,0.31718061674008813,0.47058823529411764,0.6629834254143646,0.1886882781982422
0.48659405158513885,0.685097575399172,0.8876404494382022,0.38349514563106796,0.535593220338983,0.702846975088968,0.20211410522460938
0.4865118675757539,0.6538137124954813,0.8488372093023255,0.35960591133004927,0.5051903114186851,0.6672760511882998,0.19969509541988373
0.5739306443864324,0.752993295019157,0.896551724137931,0.37320574162679426,0.527027027027027,0.7001795332136446,0.187439426779747
0.42393524450472914,0.6805077178211507,0.8846153846153846,0.3415841584158416,0.4928571428571429,0.6712062256809338,0.1875525265932083
0.44524908552253817,0.6674876847290641,0.881578947368421,0.32524271844660196,0.475177304964539,0.6568627450980392,0.18444472551345825
0.48528123009973845,0.7004548807474797,0.9156626506024096,0.3568075117370892,0.5135135135135135,0.6972477064220184,0.19014079868793488
0.4937257223384911,0.6798344175044352,0.8539325842696629,0.3838383838383838,0.5296167247386759,0.6859205776173285,0.20214958488941193
0.42057007615761444,0.637906647807638,0.8701298701298701,0.3316831683168317,0.48028673835125446,0.6568627450980392,0.18943668901920319
0.5214837055258382,0.6933008091385056,0.8636363636363636,0.38,0.5277777777777778,0.6884057971014492,0.19657836854457855
0.42675831794971864,0.6523347483323225,0.8588235294117647,0.35960591133004927,0.5069444444444444,0.6721915285451197,0.20315200090408325
0.4397260777787247,0.6444070332959222,0.8024691358024691,0.31862745098039214,0.45614035087719296,0.615530303030303,0.19490820169448853
0.45312692307316527,0.6576879910213244,0.8641975308641975,0.35714285714285715,0.5054151624548736,0.6730769230769231,0.19351384043693542
0.4780406856036678,0.6417182294145645,0.8181818181818182,0.3673469387755102,0.5070422535211268,0.656934306569343,0.20546957850456238
0.39386808648150695,0.6703098881316703,0.8831168831168831,0.3487179487179487,0.5,0.6759443339960238,0.1893853098154068
0.48352597279320786,0.6539148024750119,0.8295454545454546,0.35960591133004927,0.5017182130584192,0.6576576576576577,0.20383501052856445
0.4293186078846356,0.6450414757954686,0.8536585365853658,0.3286384976525822,0.4745762711864407,0.6469500924214417,0.19803006947040558
0.4840727008733303,0.6552831984769157,0.8409090909090909,0.3756345177664975,0.519298245614035,0.6739526411657559,0.20343586802482605
0.5008056234390353,0.7130373772164816,0.9102564102564102,0.3317757009345794,0.4863013698630137,0.6749049429657795,0.1804085224866867
0.5053089299587039,0.7514547480500187,0.926829268292683,0.3619047619047619,0.5205479452054794,0.7063197026022305,0.18174511194229126
0.4948787051021559,0.6540447504302925,0.8313253012048193,0.3317307692307692,0.4742268041237113,0.6388888888888888,0.1940351128578186
0.3892394724708027,0.6241249675913922,0.8421052631578947,0.31527093596059114,0.45878136200716846,0.631163708086785,0.1912013441324234
0.4406787916682785,0.6863258185721954,0.8611111111111112,0.30392156862745096,0.4492753623188406,0.6300813008130082,0.17713411152362823
0.5549516570787232,0.6758091385054736,0.8522727272727273,0.36231884057971014,0.5084745762711864,0.6708407871198568,0.19774027168750763
0.550355456265998,0.7123924668681703,0.9456521739130435,0.424390243902439,0.5858585858585859,0.7591623036649214,0.2024843990802765
0.43362103802002716,0.6410175879396984,0.8375,0.3116279069767442,0.4542372881355932,0.6261682242990654,0.19479364156723022
0.539538253385094,0.7062881562881563,0.8452380952380952,0.35858585858585856,0.5035460992907801,0.6647940074906367,0.18892279267311096
0.5222546119014512,0.6617576628352491,0.8390804597701149,0.3476190476190476,0.49158249158249157,0.6541218637992832,0.20010486245155334
0.4576944422720054,0.6996208017334778,0.9295774647887324,0.32038834951456313,0.47653429602888087,0.673469387755102,0.17240266501903534
0.4106291213180421,0.6477867074882001,0.8589743589743589,0.3160377358490566,0.46206896551724136,0.6393129770992366,0.1919565498828888
0.4582654458105244,0.6704422219544524,0.8255813953488372,0.3604060913705584,0.5017667844522968,0.6561922365988909,0.19846469163894653
0.3844095611557465,0.6222832722832723,0.8928571428571429,0.3393665158371041,0.4918032786885246,0.6732495511669659,0.2052244395017624
0.5253574314613815,0.7164445502141837,0.8863636363636364,0.3842364532019704,0.5360824742268041,0.7027027027027027,0.19580286741256714
0.47092861939753766,0.666971916971917,0.8452380952380952,0.3497536945812808,0.49477351916376305,0.6586270871985158,0.19635805487632751
0.4254791197789212,0.6762689518787078,0.8783783783783784,0.32663316582914576,0.47619047619047616,0.6565656565656566,0.1816396713256836
0.4682236258592283,0.7175821252826173,0.9041095890410958,0.3316582914572864,0.4852941176470588,0.6720977596741344,0.17397601902484894
0.45108601217350225,0.6832431767887879,0.9397590361445783,0.3696682464454976,0.5306122448979592,0.7182320441988951,0.19393977522850037
0.5116535668132406,0.7143035291183439,0.8765432098765432,0.3604060913705584,0.5107913669064749,0.6813819577735125,0.1857178956270218
0.5040414613552371,0.6551066217732885,0.9090909090909091,0.4166666666666667,0.5714285714285714,0.7352941176470589,0.21879635751247406
0.4506845807805173,0.616735659373152,0.8539325842696629,0.35348837209302325,0.5,0.6654991243432574,0.2089163213968277
0.4311229404106809,0.6389207807118257,0.8461538461538461,0.30697674418604654,0.45051194539249145,0.6261859582542695,0.1903640776872635
0.4618882677189969,0.664691091954023,0.8850574712643678,0.39086294416243655,0.5422535211267606,0.7064220183486238,0.20186035335063934
0.43232888545290715,0.6600611783481847,0.863013698630137,0.3118811881188119,0.4581818181818182,0.6376518218623481,0.1807098090648651
0.5526649419672,0.6833894500561167,0.8888888888888888,0.411214953271028,0.5623003194888179,0.7213114754098361,0.2131948471069336
0.4477603188752146,0.6406473108043789,0.8409090909090909,0.36633663366336633,0.5103448275862069,0.6678700361010831,0.206907257437706
0.5781328530315504,0.7126368396001904,0.8636363636363636,0.37073170731707317,0.5187713310580204,0.6822262118491921,0.1934783011674881
0.5268783935103588,0.6638601862482459,0.8333333333333334,0.3282828282828283,0.47101449275362317,0.6372549019607843,0.1831420660018921
0.44503212097683,0.6605782960495002,0.875,0.385,0.5347222222222222,0.697463768115942,0.20532912015914917
0.4719954256651449,0.6345543345543346,0.7857142857142857,0.3402061855670103,0.4748201438848921,0.6226415094339622,0.19850388169288635
0.5071866166836889,0.6900475761861902,0.8181818181818182,0.30434782608695654,0.44366197183098594,0.6116504854368932,0.17972159385681152
0.48225546288215226,0.6458691910499139,0.8433734939759037,0.33980582524271846,0.4844290657439446,0.6505576208178439,0.1955748051404953
0.4122072630723292,0.611261372018687,0.8433734939759037,0.33653846153846156,0.48109965635738833,0.6481481481481481,0.20252813398838043
0.4341852396320164,0.6857294853038968,0.863013698630137,0.3088235294117647,0.4548736462093863,0.6350806451612904,0.17903384566307068
0.41901466554240513,0.6289377289377289,0.8214285714285714,0.34673366834170855,0.4876325088339223,0.6448598130841121,0.20173785090446472
0.5421025141421315,0.7458833725393091,0.9146341463414634,0.3694581280788177,0.5263157894736842,0.7062146892655368,0.18218952417373657
0.3708555076390474,0.590432582238824,0.8488372093023255,0.3476190476190476,0.49324324324324326,0.6588447653429603,0.21204285323619843
0.47347514184532224,0.7306526038233355,0.8783783783783784,0.3403141361256545,0.49056603773584906,0.6673511293634496,0.17374283075332642
0.42688973790047124,0.6119943885901333,0.9120879120879121,0.3656387665198238,0.5220125786163522,0.7021996615905245,0.215062215924263
0.47396487355289824,0.638223668914206,0.8586956521739131,0.37089201877934275,0.5180327868852459,0.6798623063683304,0.21180827915668488
0.43725532123635613,0.6378510233222274,0.875,0.35648148148148145,0.506578947368421,0.6778169014084507,0.20744672417640686
0.44140531549665796,0.6626011423131842,0.8636363636363636,0.3671497584541063,0.5152542372881356,0.6797853309481217,0.20354729890823364
0.5204388131273336,0.7041395623891189,0.8764044943820225,0.39195979899497485,0.5416666666666666,0.7027027027027027,0.20031778514385223
0.39898267313010666,0.6191582914572863,0.85,0.3285024154589372,0.4738675958188153,0.6451612903225806,0.19816796481609344
0.4423214696972292,0.6152569461519548,0.8433734939759037,0.34146341463414637,0.4861111111111111,0.6517690875232774,0.20031577348709106
0.4746026232171048,0.7166155561750767,0.8235294117647058,0.3010752688172043,0.4409448818897638,0.611353711790393,0.1650693118572235
0.4739531040945883,0.7045119252520284,0.891566265060241,0.35406698564593303,0.5068493150684932,0.6839186691312384,0.19058017432689667
0.44764568492025525,0.6761294261294262,0.8809523809523809,0.3645320197044335,0.5156794425087108,0.686456400742115,0.19558508694171906
0.3629462618377382,0.5750512645249487,0.8,0.27184466019417475,0.4057971014492754,0.5761316872427984,0.18483874201774597
0.409860779324125,0.5960969840331165,0.8426966292134831,0.35377358490566035,0.4983388704318937,0.6602112676056338,0.21396984159946442
0.5099889584522996,0.6514015244652078,0.7951807228915663,0.32673267326732675,0.4631578947368421,0.6179775280898876,0.1939801424741745
0.4939820009447454,0.7059872141627735,0.8554216867469879,0.35148514851485146,0.4982456140350877,0.6647940074906367,0.19123877584934235
0.4657843344753475,0.6995152442913637,0.8589743589743589,0.3401015228426396,0.48727272727272725,0.6581532416502947,0.1842108815908432
0.49446890406690314,0.6561756306520705,0.8409090909090909,0.35406698564593303,0.4983164983164983,0.6595365418894831,0.20364028215408325
0.46661454995356155,0.6841335283947334,0.8356164383561644,0.30049261083743845,0.4420289855072464,0.6161616161616161,0.17655199766159058
0.4006481619668743,0.6553656869446342,0.8857142857142857,0.3054187192118227,0.4542124542124542,0.6418219461697723,0.1774706393480301
0.5075544360184129,0.693754610277846,0.8674698795180723,0.34285714285714286,0.49146757679180886,0.6642066420664207,0.19111007452011108
0.5020943879309865,0.6589000591366057,0.7865168539325843,0.3482587064676617,0.4827586206896552,0.6283662477558348,0.2038027048110962
0.4529047083003732,0.5813772388474803,0.8118811881188119,0.3867924528301887,0.5239616613418531,0.6655844155844156,0.2327428013086319
0.4260828852360825,0.6818495514147689,0.9130434782608695,0.2863636363636364,0.4359861591695502,0.6350806451612904,0.17359384894371033
0.5144226466151163,0.6700819672131147,0.84375,0.39705882352941174,0.54,0.6887755102040817,0.213727205991745
0.5322565396900084,0.6608465608465609,0.8222222222222222,0.3627450980392157,0.5034013605442177,0.6560283687943262,0.20267650485038757
0.4970106171537815,0.6427891480247501,0.8068181818181818,0.33490566037735847,0.47333333333333333,0.6294326241134752,0.2035427838563919
0.5014990210026342,0.679381443298969,0.8470588235294118,0.3582089552238806,0.5034965034965035,0.6654343807763401,0.1941242665052414
0.420238184247733,0.6387272502166645,0.8902439024390244,0.3459715639810427,0.49829351535836175,0.6771799628942486,0.19777825474739075
0.4587146432236331,0.6807228915662651,0.8674698795180723,0.3850267379679144,0.5333333333333333,0.6936416184971098,0.194487065076828
0.5479466904043393,0.7100771568856675,0.9010989010989011,0.3961352657004831,0.5503355704697986,0.7180385288966725,0.2000855654478073
0.3784782317452408,0.6386440238527353,0.8947368421052632,0.3238095238095238,0.4755244755244755,0.6614785992217899,0.19040356576442719
0.34140089578024335,0.6347918606197632,0.863013698630137,0.3230769230769231,0.4701492537313433,0.6468172484599589,0.18775933980941772
0.44280757169855034,0.6091070372560614,0.797752808988764,0.355,0.4913494809688581,0.6384892086330936,0.2109232097864151
0.463492743793806,0.6941933886343941,0.9146341463414634,0.352112676056338,0.5084745762711864,0.6931608133086876,0.19137157499790192
0.48268121902793215,0.6835051546391753,0.8705882352941177,0.357487922705314,0.5068493150684932,0.676416819012797,0.19364981353282928
0.6383829914555585,0.7846263683960019,0.9204545454545454,0.39901477832512317,0.5567010309278351,0.7297297297297297,0.18338026106357574
0.46724194216802967,0.6481963335304555,0.8764044943820225,0.37681159420289856,0.527027027027027,0.6927175843694494,0.20628488063812256
0.4363329375418889,0.6357265797885419,0.891566265060241,0.34101382488479265,0.49333333333333335,0.6739526411657559,0.1987324357032776
0.43314046113874555,0.6467044222195445,0.8372093023255814,0.36180904522613067,0.5052631578947369,0.6629834254143646,0.20263166725635529
0.3818937134514367,0.5784841954022989,0.8160919540229885,0.35148514851485146,0.4913494809688581,0.6454545454545455,0.21500267088413239
0.4633139108686601,0.64815039417829,0.8823529411764706,0.373134328358209,0.5244755244755245,0.6931608133086876,0.20039233565330505
0.5984593737425971,0.7292121909143185,0.9042553191489362,0.397196261682243,0.551948051948052,0.7203389830508474,0.19880960881710052
0.5219291171324973,0.6887640449438202,0.898876404494382,0.39800995024875624,0.5517241379310345,0.718132854578097,0.20110107958316803
0.46819376777499,0.6442768199233717,0.8275862068965517,0.3673469387755102,0.508833922261484,0.6617647058823529,0.20295557379722595
0.47285149218503697,0.6298534798534798,0.7738095238095238,0.31100478468899523,0.44368600682593856,0.5963302752293578,0.1983337700366974
0.42957126127187845,0.6248463240717974,0.8554216867469879,0.3271889400921659,0.47333333333333333,0.6466302367941712,0.1998559981584549
0.4174545746420469,0.6237137788290952,0.8202247191011236,0.37244897959183676,0.512280701754386,0.6612318840579711,0.21215485036373138
0.4809159399644969,0.6674623115577889,0.825,0.3333333333333333,0.4748201438848921,0.637065637065637,0.18849815428256989
0.4219821520853237,0.692063492063492,0.8695652173913043,0.29850746268656714,0.4444444444444444,0.6289308176100629,0.17141680419445038
0.48737442860360103,0.6567567567567567,0.8829787234042553,0.39712918660287083,0.5478547854785478,0.7094017094017094,0.2138357311487198
0.4556787616636765,0.656073272682567,0.8554216867469879,0.35678391959798994,0.5035460992907801,0.6685499058380414,0.1959768533706665
0.5434104906880293,0.7082199881726788,0.8764044943820225,0.3786407766990291,0.5288135593220339,0.693950177935943,0.19770745933055878
0.414526455599774,0.6306416355921306,0.7792207792207793,0.3076923076923077,0.4411764705882353,0.5964214711729622,0.1896817833185196
0.41292652292797327,0.5668430335097002,0.8,0.35294117647058826,0.4897959183673469,0.6382978723404256,0.21844734251499176
0.5285865109679743,0.7177573670110984,0.8461538461538461,0.3251231527093596,0.4697508896797153,0.6407766990291263,0.17840762436389923
0.5368479346930453,0.7020460358056266,0.8913043478260869,0.4079601990049751,0.5597269624573379,0.7205623901581723,0.20290705561637878
0.5031515432533651,0.662016201620162,0.7922077922077922,0.3034825870646766,0.43884892086330934,0.5992141453831041,0.18321651220321655
0.4819962778046743,0.6684245220830587,0.8648648648648649,0.3076923076923077,0.45390070921985815,0.6349206349206349,0.17891013622283936
0.3512633007409871,0.6118933697881066,0.8571428571428571,0.2857142857142857,0.42857142857142855,0.6122448979591837,0.1833830028772354
0.4267215170136744,0.6798029556650246,0.881578947368421,0.32682926829268294,0.47686832740213525,0.6581532416502947,0.18492402136325836
0.43054003424954806,0.6537464350531501,0.8157894736842105,0.31313131313131315,0.45255474452554745,0.6175298804780877,0.1861090064048767
0.5168502608097617,0.6612665684830633,0.8762886597938144,0.40669856459330145,0.5555555555555556,0.711892797319933,0.21458891034126282
0.4429481753571756,0.6148266535529874,0.7951807228915663,0.3173076923076923,0.4536082474226804,0.6111111111111112,0.19967952370643616
0.6399469254554644,0.7726691467100675,0.9239130434782609,0.3953488372093023,0.5537459283387622,0.7289879931389366,0.19003765285015106
0.48085723010246006,0.6267243394902969,0.8131868131868132,0.3490566037735849,0.4884488448844885,0.6423611111111112,0.21089163422584534
0.5439658719650649,0.7069958847736626,0.8777777777777778,0.3853658536585366,0.535593220338983,0.6991150442477876,0.19548524916172028
0.4898252604722601,0.7099353321575543,0.9222222222222223,0.4068627450980392,0.564625850340136,0.7358156028368794,0.20138655602931976
0.3547478958901922,0.571356783919598,0.8125,0.3125,0.4513888888888889,0.615530303030303,0.20426252484321594
0.36725194890237306,0.6378014000518538,0.9078947368421053,0.33495145631067963,0.48936170212765956,0.6764705882352942,0.19072571396827698
0.4190121448312676,0.6358357279693487,0.8160919540229885,0.35323383084577115,0.4930555555555556,0.6466302367941712,0.20591585338115692
0.3744171332286788,0.572289156626506,0.7831325301204819,0.33505154639175255,0.4693140794223827,0.6178707224334601,0.21089336276054382
0.5450576971103691,0.7297120418848168,0.9204545454545454,0.391304347826087,0.5491525423728814,0.7245080500894454,0.19350673258304596
0.40955170796963625,0.6169193450576107,0.8235294117647058,0.358974358974359,0.5,0.6542056074766355,0.20626719295978546
0.5416636954816902,0.6978028365496396,0.8804347826086957,0.3875598086124402,0.5382059800664452,0.7019064124783362,0.20051507651805878
0.39361206374102486,0.5905089934940683,0.7692307692307693,0.31088082901554404,0.44280442804428044,0.594059405940594,0.19754336774349213
0.4739373243717845,0.6867217432950192,0.9195402298850575,0.3686635944700461,0.5263157894736842,0.7079646017699115,0.19929485023021698
0.36785600608083713,0.6184333023008379,0.8082191780821918,0.28780487804878047,0.4244604316546763,0.5935613682092555,0.18764227628707886
0.4320195262210648,0.6224397199896293,0.7894736842105263,0.3,0.43478260869565216,0.5952380952380952,0.18841595947742462
0.44224113271398147,0.6589348114230631,0.8837209302325582,0.37623762376237624,0.5277777777777778,0.6959706959706959,0.20203159749507904
0.4425176004623406,0.6145807720678633,0.8072289156626506,0.3333333333333333,0.47183098591549294,0.6285178236397748,0.20073893666267395
0.3476938076197196,0.5991430454845088,0.8108108108108109,0.2955665024630542,0.4332129963898917,0.6012024048096193,0.19170936942100525
0.4617112640447008,0.6005962122983399,0.7802197802197802,0.3622448979591837,0.49477351916376305,0.6339285714285714,0.21416135132312775
0.33529518347236087,0.6281811646297628,0.8153846153846154,0.2623762376237624,0.3970037453183521,0.5735930735930735,0.17450231313705444
0.5204188099065319,0.6951770451770453,0.8690476190476191,0.3492822966507177,0.49829351535836175,0.6697247706422018,0.19203951954841614
0.5074395758940575,0.663887291546866,0.8404255319148937,0.38164251207729466,0.5249169435215947,0.6775300171526587,0.2108173370361328
0.47595800953381784,0.6455259400285578,0.8295454545454546,0.3613861386138614,0.503448275862069,0.6588447653429603,0.20410509407520294
0.4642032357050469,0.6410175879396984,0.85,0.3192488262910798,0.4641638225255973,0.6378986866791745,0.19198594987392426
0.4782161311320242,0.6616977969348659,0.8620689655172413,0.3588516746411483,0.5067567567567568,0.6732495511669659,0.20092128217220306
0.4857069301162853,0.6642121647509579,0.8505747126436781,0.3490566037735849,0.49498327759197325,0.6607142857142857,0.20139500498771667
0.47548255935729156,0.6727713765918738,0.8705882352941177,0.3681592039800995,0.5174825174825175,0.6839186691312384,0.19525422155857086
0.4174143098372228,0.6305015982296533,0.7951807228915663,0.3188405797101449,0.45517241379310347,0.6122448979591837,0.19965866208076477
0.5052456095026232,0.6335195530726256,0.86,0.4056603773584906,0.5512820512820513,0.7026143790849673,0.22292548418045044
0.45021493078752506,0.6377198302001212,0.8705882352941177,0.3425925925925926,0.49169435215946844,0.6654676258992805,0.1993267834186554
0.41556354502341764,0.6139240506329114,0.8734177215189873,0.31797235023041476,0.46621621621621623,0.6472795497185742,0.19555778801441193
0.4187411736175227,0.6543201516793067,0.8450704225352113,0.2830188679245283,0.42402826855123676,0.6048387096774194,0.1785736083984375
0.4140308446176262,0.6528104575163398,0.8533333333333334,0.32,0.46545454545454545,0.64,0.1858133226633072
0.3789008117495981,0.620506329113924,0.7974683544303798,0.3230769230769231,0.45985401459854014,0.6164383561643836,0.1970597207546234
0.48218998299567384,0.6486772486772487,0.8111111111111111,0.37055837563451777,0.5087108013937283,0.6552962298025135,0.20740364491939545
0.435557107174198,0.6183304647160068,0.7831325301204819,0.325,0.45936395759717313,0.6109022556390977,0.19978472590446472
0.4099983155388119,0.6482665355298746,0.8554216867469879,0.3697916666666667,0.5163636363636364,0.6774809160305344,0.20018404722213745
0.4123149564051325,0.5945098039215687,0.76,0.29081632653061223,0.42066420664206644,0.5745967741935484,0.19065378606319427
0.38706480153476497,0.6186803214933886,0.8289473684210527,0.3014354066985646,0.4421052631578947,0.6140350877192983,0.1917843073606491
0.5047959907280245,0.6849500293944739,0.8666666666666667,0.3880597014925373,0.5360824742268041,0.6951871657754011,0.20162740349769592
0.37144449799535056,0.6159579984443868,0.8157894736842105,0.2938388625592417,0.43205574912891986,0.6019417475728155,0.1929008513689041
0.44701446996848954,0.634474033016026,0.8372093023255814,0.35294117647058826,0.496551724137931,0.656934306569343,0.20406927168369293
0.3770938075424619,0.6133544303797468,0.810126582278481,0.31683168316831684,0.4555160142348754,0.6177606177606177,0.1975417584180832
0.4902963538430055,0.6837374334713188,0.9101123595505618,0.3875598086124402,0.5436241610738255,0.7168141592920354,0.2025337964296341
0.581662721914642,0.7168192219679633,0.8315789473684211,0.4114583333333333,0.5505226480836237,0.6905594405594405,0.2043941766023636
0.489053316368896,0.7003367003367004,0.8641975308641975,0.35175879396984927,0.5,0.6692160611854685,0.18669463694095612
0.48744460626779856,0.6507615421227986,0.7613636363636364,0.3471502590673575,0.47686832740213525,0.6146788990825688,0.20200322568416595
0.4042359058761702,0.6427818061964403,0.8378378378378378,0.30392156862745096,0.4460431654676259,0.62,0.1853461116552353
0.49631910489223896,0.6595073774393146,0.8522727272727273,0.36764705882352944,0.5136986301369864,0.6744604316546763,0.20167306065559387
0.5213373905588756,0.6421181120669611,0.8260869565217391,0.3838383838383838,0.5241379310344828,0.6713780918727915,0.20817773044109344
0.42084562856123864,0.6242124212421242,0.8701298701298701,0.33004926108374383,0.4785714285714286,0.6555772994129159,0.19201187789440155
0.4685752098041306,0.7185217283644918,0.926829268292683,0.3877551020408163,0.5467625899280576,0.7251908396946565,0.1879233419895172
0.4507532712476592,0.6567901234567902,0.8666666666666667,0.39195979899497485,0.5397923875432526,0.6976744186046512,0.20822998881340027
0.5347740502945779,0.7056163731556402,0.8636363636363636,0.38190954773869346,0.5296167247386759,0.6896551724137931,0.1951752007007599
0.44803677510900347,0.6685031571127893,0.8780487804878049,0.37305699481865284,0.5236363636363637,0.690978886756238,0.1943426877260208
0.5901590593220781,0.7028913260219342,0.8921568627450981,0.4252336448598131,0.5759493670886076,0.7315112540192926,0.2131051868200302
0.5112312293738268,0.699060127726232,0.8488372093023255,0.37435897435897436,0.5195729537366548,0.6771799628942486,0.19381415843963623
0.482629904978038,0.6591068505962123,0.8571428571428571,0.3644859813084112,0.5114754098360655,0.6747404844290658,0.20674152672290802
0.493078051544471,0.6620973690681091,0.8313253012048193,0.3209302325581395,0.46308724832214765,0.6307129798903108,0.1948290467262268
0.3579497401186814,0.6407995296884186,0.8571428571428571,0.2660098522167488,0.40601503759398494,0.5934065934065934,0.17125669121742249
0.4854994370892486,0.7265189873417722,0.8860759493670886,0.3465346534653465,0.498220640569395,0.6756756756756757,0.1826052963733673
0.5017478015388214,0.681669394435352,0.8901098901098901,0.37850467289719625,0.5311475409836065,0.7006920415224913,0.2050912082195282
0.49129674346264235,0.6297372704022322,0.782608695652174,0.3444976076555024,0.47840531561461797,0.6239168110918544,0.21129611134529114
0.45018579341651954,0.6442086112795633,0.8235294117647058,0.3482587064676617,0.48951048951048953,0.6469500924214417,0.20011606812477112
0.44395375810840243,0.614882662835249,0.8390804597701149,0.35609756097560974,0.5,0.6600361663652803,0.20730625092983246
0.4671553431642894,0.6640738299274884,0.8918918918918919,0.29596412556053814,0.4444444444444444,0.6358381502890174,0.18064168095588684
0.508405163761628,0.6925714950011626,0.8478260869565217,0.40414507772020725,0.5473684210526316,0.6951871657754011,0.2056061178445816
0.4327686291266851,0.6450700762232605,0.8674698795180723,0.3412322274881517,0.4897959183673469,0.6629834254143646,0.19863289594650269
0.48263533246315193,0.6745121230041395,0.8089887640449438,0.36180904522613067,0.5,0.6486486486486487,0.20280516147613525
0.42028317247526503,0.6293103448275862,0.8620689655172413,0.36231884057971014,0.5102040816326531,0.6756756756756757,0.20600056648254395
0.42757178600870993,0.6820561637315563,0.9204545454545454,0.39705882352941174,0.5547945205479452,0.7284172661870504,0.20486626029014587
0.48629880291520994,0.721036389353221,0.948051948051948,0.3443396226415094,0.5051903114186851,0.7019230769230769,0.17958831787109375
0.47732316728983015,0.6965452261306533,0.9,0.3582089552238806,0.5124555160142349,0.690978886756238,0.186239093542099
0.4666598954755621,0.6565367735071153,0.821917808219178,0.2843601895734597,0.4225352112676056,0.5964214711729622,0.17844083905220032
0.3911829176316224,0.5949511989396313,0.8255813953488372,0.3463414634146341,0.4879725085910653,0.6466302367941712,0.2111973911523819
0.5532334550455517,0.6720752498530276,0.8333333333333334,0.3605769230769231,0.5033557046979866,0.6602112676056338,0.20098352432250977
0.40785002963662276,0.6054020100502513,0.8125,0.3080568720379147,0.44673539518900346,0.6120527306967984,0.1971948742866516
0.4829549828687296,0.6610991379310345,0.7816091954022989,0.3487179487179487,0.48226950354609927,0.6261510128913443,0.20053936541080475
0.4101212540839395,0.6032246549262257,0.8409090909090909,0.35071090047393366,0.49498327759197325,0.6571936056838366,0.2117425799369812
0.5452528873488685,0.7059136605558842,0.898876404494382,0.3827751196172249,0.5369127516778524,0.7079646017699115,0.19675278663635254
0.4826355333601251,0.680449785816278,0.8977272727272727,0.38164251207729466,0.535593220338983,0.7066189624329159,0.20234347879886627
0.4319418250582646,0.6531509223721679,0.8414634146341463,0.350253807106599,0.4946236559139785,0.6571428571428571,0.19580720365047455
0.39214902632007187,0.6139660683550529,0.8313253012048193,0.3415841584158416,0.4842105263157895,0.6460674157303371,0.20650792121887207
0.4968641121928957,0.6402234636871508,0.88,0.4036697247706422,0.5534591194968553,0.7119741100323624,0.2218303382396698
0.5267784930206498,0.7087887067395264,0.8854166666666666,0.4271356783919598,0.576271186440678,0.7289879931389366,0.2076333910226822
0.46815496260104095,0.5904542840713053,0.8297872340425532,0.35944700460829493,0.5016077170418006,0.657672849915683,0.21917518973350525
0.49552633681925184,0.693228582117471,0.8765432098765432,0.35323383084577115,0.5035460992907801,0.6761904761904762,0.18801353871822357
0.5150285359439437,0.6954108991146029,0.8765432098765432,0.3497536945812808,0.5,0.6736242884250474,0.1867067813873291
0.5726716944016508,0.6946689113355781,0.8383838383838383,0.4129353233830846,0.5533333333333333,0.695142378559464,0.21096743643283844
0.4674049883846753,0.6731519810762862,0.9213483146067416,0.38497652582159625,0.543046357615894,0.7205623901581723,0.20418666303157806
0.4220471080589963,0.6185309889013594,0.8148148148148148,0.336734693877551,0.47653429602888087,0.6346153846153846,0.19734741747379303
0.5365259829118245,0.7231815493790656,0.898876404494382,0.418848167539267,0.5714285714285714,0.7312614259597806,0.19522805511951447
0.5176477921896971,0.7232883496347654,0.9512195121951219,0.37681159420289856,0.5397923875432526,0.7289719626168224,0.18601135909557343
0.48703671795129,0.6584596725288053,0.8588235294117647,0.3492822966507177,0.4965986394557823,0.6648451730418944,0.19723601639270782
0.41381947228567295,0.6648723257418909,0.855072463768116,0.295,0.43866171003717475,0.6197478991596639,0.17461392283439636
0.40386568480186263,0.6445005984838409,0.863013698630137,0.2985781990521327,0.44366197183098594,0.6262425447316103,0.18398632109165192
0.432342596133877,0.6368101879927228,0.8235294117647058,0.3482587064676617,0.48951048951048953,0.6469500924214417,0.20294497907161713
0.44505837022438866,0.6175280379234592,0.8817204301075269,0.36936936936936937,0.5206349206349207,0.6902356902356902,0.21649916470050812
0.5143825860277127,0.7038525322107412,0.8974358974358975,0.3465346534653465,0.5,0.6809338521400778,0.1814461052417755
0.43037798201844885,0.631091680596631,0.8311688311688312,0.32323232323232326,0.46545454545454545,0.6324110671936759,0.18952929973602295
0.3893491104483748,0.5924050632911393,0.8227848101265823,0.3080568720379147,0.4482758620689655,0.6166982922201139,0.19847847521305084
0.44929650782912306,0.632996632996633,0.8518518518518519,0.32242990654205606,0.46779661016949153,0.6412639405204461,0.1959874927997589
0.376956669050284,0.595886075949367,0.810126582278481,0.3062200956937799,0.4444444444444444,0.6095238095238096,0.19977222383022308
0.5092251312982149,0.6901340996168583,0.8505747126436781,0.3645320197044335,0.5103448275862069,0.6715063520871143,0.19857384264469147
0.4387755025102309,0.6451552562663674,0.8024691358024691,0.31862745098039214,0.45614035087719296,0.615530303030303,0.19550640881061554
0.5779465551595239,0.683794466403162,0.8478260869565217,0.38613861386138615,0.5306122448979592,0.6842105263157895,0.20174150168895721
0.5212102651437205,0.7215506715506714,0.9285714285714286,0.36619718309859156,0.5252525252525253,0.7103825136612022,0.19018204510211945
0.4596551376620013,0.6844849246231155,0.8875,0.35148514851485146,0.5035460992907801,0.6800766283524904,0.18842081725597382
0.35644836159251575,0.6254248366013072,0.9066666666666666,0.32075471698113206,0.4738675958188153,0.6640625,0.19219601154327393
0.536899206916827,0.6793313069908816,0.9230769230769231,0.3925233644859813,0.5508196721311476,0.726643598615917,0.20313161611557007
0.4361975457539577,0.6662658227848102,0.8227848101265823,0.34574468085106386,0.4868913857677903,0.6448412698412699,0.19107525050640106
0.5140306700123092,0.6969591860330674,0.8817204301075269,0.4039408866995074,0.5540540540540541,0.7130434782608696,0.206770658493042
0.5756402189701662,0.6913508486398512,0.8586956521739131,0.38349514563106796,0.5302013422818792,0.6881533101045296,0.20217812061309814
0.5313931681022754,0.6953282081608516,0.8539325842696629,0.38,0.5259515570934256,0.6834532374100719,0.19841040670871735
0.4980062430594499,0.699231224127735,0.8539325842696629,0.37073170731707317,0.5170068027210885,0.6773618538324421,0.19786955416202545
0.4170201020731393,0.6582491582491582,0.8641975308641975,0.3333333333333333,0.48109965635738833,0.6554307116104869,0.1957305371761322
0.4698825531477096,0.6500293944738389,0.8666666666666667,0.3842364532019704,0.5324232081911263,0.6927175843694494,0.20862121880054474
0.5085888577208344,0.659553775743707,0.8842105263157894,0.3981042654028436,0.5490196078431373,0.7106598984771574,0.21269814670085907
0.4836818678596271,0.6117883841288096,0.7978723404255319,0.373134328358209,0.5084745762711864,0.6499133448873483,0.21779392659664154
0.3797230044146197,0.6083638583638584,0.8571428571428571,0.3444976076555024,0.49146757679180886,0.6605504587155964,0.20741020143032074
0.5557083426727842,0.6926798724954464,0.875,0.417910447761194,0.5656565656565656,0.717948717948718,0.20632627606391907
0.4753155705031275,0.6950326797385621,0.88,0.3235294117647059,0.4731182795698925,0.6547619047619048,0.17832157015800476
0.42709025399423184,0.6062550583882529,0.8387096774193549,0.37681159420289856,0.52,0.6735751295336787,0.22084514796733856
0.4327584252826736,0.6341898205065158,0.8795180722891566,0.3443396226415094,0.49491525423728816,0.6709558823529411,0.1994093507528305
0.5077903042309335,0.6591533180778032,0.8631578947368421,0.38497652582159625,0.5324675324675324,0.6913996627318718,0.21309681236743927
0.3436341438495864,0.5857874519846351,0.7878787878787878,0.24880382775119617,0.3781818181818182,0.5496828752642706,0.1798296421766281
0.6013898064372724,0.7091431857389303,0.8936170212765957,0.38181818181818183,0.535031847133758,0.7046979865771812,0.2021896094083786
0.4117083318495409,0.65640522875817,0.9066666666666666,0.3253588516746411,0.4788732394366197,0.6679764243614931,0.18603067100048065
0.5410293413230335,0.6917562724014338,0.8387096774193549,0.38235294117647056,0.5252525252525253,0.6770833333333334,0.20434123277664185
0.41613818708114664,0.6163731556401714,0.8181818181818182,0.3380281690140845,0.47840531561461797,0.6371681415929203,0.21032902598381042
0.44756414412411377,0.7163177670424047,0.8888888888888888,0.3316062176165803,0.4830188679245283,0.6652806652806653,0.17412438988685608
0.5818432362884325,0.6998316498316499,0.8484848484848485,0.4057971014492754,0.5490196078431373,0.6965174129353234,0.21121475100517273
0.43279761173843107,0.672403119970286,0.8536585365853658,0.33653846153846156,0.4827586206896552,0.6529850746268657,0.1946912556886673
0.502339079693416,0.6577318311254179,0.8658536585365854,0.34299516908212563,0.4913494809688581,0.6635514018691588,0.19192206859588623
0.43687603454468615,0.6150741053138933,0.7325581395348837,0.34054054054054056,0.46494464944649444,0.5954631379962193,0.20661723613739014
0.46372151580079257,0.652367755151223,0.872093023255814,0.352112676056338,0.5016722408026756,0.6732495511669659,0.19985859096050262
0.5037223171428684,0.6512158054711246,0.9010989010989011,0.3778801843317972,0.5324675324675324,0.7056798623063684,0.2072046548128128
0.45416924343173215,0.6324858416676709,0.8488372093023255,0.3613861386138614,0.5069444444444444,0.6684981684981685,0.20263376832008362
0.375106382396675,0.6217267306196526,0.868421052631579,0.3333333333333333,0.48175182481751827,0.6573705179282868,0.1916128695011139
0.43709995381743333,0.6784111582777441,0.9176470588235294,0.3644859813084112,0.5217391304347826,0.703971119133574,0.1987488716840744
0.5536391171964159,0.7094602789569436,0.8470588235294118,0.3769633507853403,0.5217391304347826,0.6779661016949152,0.18962232768535614
0.5185699128276898,0.6695230578419213,0.8163265306122449,0.39603960396039606,0.5333333333333333,0.6734006734006734,0.21523460745811462
0.5125564870503112,0.6743295019157088,0.8160919540229885,0.36597938144329895,0.505338078291815,0.6549815498154982,0.19911642372608185
0.5093042658877146,0.6435426060816279,0.8387096774193549,0.37142857142857144,0.5148514851485149,0.6701030927835051,0.21182449162006378
0.462289175067908,0.6160776563589863,0.8043478260869565,0.3523809523809524,0.4900662251655629,0.6401384083044983,0.21339930593967438
0.5860615895929376,0.7129168051401351,0.8627450980392157,0.4230769230769231,0.567741935483871,0.7142857142857143,0.21473295986652374
0.49040565221760046,0.6815801999048072,0.8863636363636364,0.3482142857142857,0.5,0.6770833333333334,0.1991940140724182
0.3423624817107112,0.6277762730227519,0.9014084507042254,0.3106796116504854,0.4620938628158845,0.6530612244897959,0.18585620820522308
0.4424400109196787,0.5856046278785183,0.7920792079207921,0.3864734299516908,0.5194805194805194,0.6546644844517185,0.23278822004795074
0.5193307303484411,0.6941314844620528,0.8170731707317073,0.3602150537634409,0.5,0.6517509727626459,0.18802131712436676
0.5354827861684684,0.7013326987148978,0.8636363636363636,0.3838383838383838,0.5314685314685315,0.6909090909090909,0.19611856341362
0.5211625267660676,0.6407528641571194,0.8021978021978022,0.35784313725490197,0.49491525423728816,0.6426056338028169,0.20674464106559753
0.5481966770661988,0.685458958517211,0.8543689320388349,0.4131455399061033,0.5569620253164557,0.704,0.21935828030109406
0.4529397569447587,0.6438294010889292,0.8157894736842105,0.3263157894736842,0.46616541353383456,0.6275303643724697,0.18480250239372253
0.4504083364227597,0.6688353106263554,0.8333333333333334,0.31100478468899523,0.4529616724738676,0.6238003838771593,0.18698592483997345
0.5017675022040591,0.7194933779092195,0.8701298701298701,0.33668341708542715,0.4855072463768116,0.6607495069033531,0.17991840839385986
0.4767276654094257,0.6511613984674329,0.8505747126436781,0.3645320197044335,0.5103448275862069,0.6715063520871143,0.20167498290538788
0.3613650452843148,0.5809327846364883,0.8024691358024691,0.32019704433497537,0.45774647887323944,0.6166982922201139,0.20502658188343048
0.5836295746125694,0.7000113288773082,0.8865979381443299,0.41346153846153844,0.5639344262295082,0.7214765100671141,0.2089531421661377
0.4724835746551858,0.6121885218175669,0.826530612244898,0.3894230769230769,0.5294117647058824,0.675,0.2244713455438614
0.4551712414214652,0.6784511784511784,0.8395061728395061,0.3417085427135678,0.4857142857142857,0.6500956022944551,0.19141826033592224
0.4719948340912301,0.7227376792384624,0.9302325581395349,0.39408866995073893,0.5536332179930796,0.7312614259597806,0.19416247308254242
0.4274779905332251,0.6794936708860759,0.8860759493670886,0.3448275862068966,0.49645390070921985,0.674373795761079,0.18867868185043335
0.4980060316783278,0.6667620137299771,0.8842105263157894,0.4019138755980861,0.5526315789473685,0.7130730050933786,0.21202903985977173
0.531827048538206,0.6724867724867725,0.8888888888888888,0.36036036036036034,0.5128205128205128,0.6872852233676976,0.20147091150283813
0.4293702058506102,0.6317495947125576,0.8024691358024691,0.32338308457711445,0.46099290780141844,0.6190476190476191,0.19658155739307404
0.4962174990552304,0.6690602946638604,0.8414634146341463,0.3484848484848485,0.4928571428571429,0.655893536121673,0.19236277043819427
0.6533425200124394,0.7725402169846612,0.8765432098765432,0.3480392156862745,0.4982456140350877,0.6723484848484849,0.17209994792938232
0.46594633016486103,0.6785175879396985,0.85,0.33663366336633666,0.48226950354609927,0.6513409961685823,0.18849480152130127
0.4726884589023651,0.6315949060036385,0.8,0.34,0.47719298245614034,0.6296296296296297,0.20046094059944153
0.4210638064009322,0.6190417234121579,0.8536585365853658,0.3482587064676617,0.49469964664310956,0.6616257088846881,0.19960840046405792
0.44854067150509713,0.6898483849703363,0.8513513513513513,0.31343283582089554,0.4581818181818182,0.6338028169014085,0.17902019619941711
0.4581940094115037,0.6625152625152625,0.8809523809523809,0.36097560975609755,0.5121107266435986,0.6839186691312384,0.19717194139957428
0.4309411114657208,0.621748178980229,0.8494623655913979,0.3744075829383886,0.5197368421052632,0.6775300171526587,0.21513183414936066
0.3969576014050908,0.6219620253164556,0.8607594936708861,0.31627906976744186,0.46258503401360546,0.64030131826742,0.19606904685497284
0.4628620309994469,0.6528868936276343,0.8641975308641975,0.3431372549019608,0.49122807017543857,0.6628787878787878,0.19451108574867249
0.4475145053511206,0.6362644026682838,0.8352941176470589,0.355,0.4982456140350877,0.6574074074074074,0.20178671181201935
0.45494784280006695,0.6669784262376854,0.8518518518518519,0.3399014778325123,0.4859154929577465,0.6546489563567363,0.19148506224155426
0.4380113762621247,0.6318746303962152,0.8089887640449438,0.34951456310679613,0.488135593220339,0.6405693950177936,0.21027538180351257
0.3998738192361203,0.6433417085427136,0.8375,0.335,0.4785714285714286,0.6442307692307693,0.19581004977226257
0.4476477801747253,0.6281728927203065,0.8620689655172413,0.3409090909090909,0.48859934853420195,0.6602112676056338,0.20495182275772095
0.4385620477300938,0.6643950109296644,0.8181818181818182,0.315,0.4548736462093863,0.6200787401574803,0.186640202999115
0.5183184895395987,0.6795378352490421,0.8160919540229885,0.35858585858585856,0.4982456140350877,0.6501831501831502,0.19742566347122192
0.5410132714304131,0.7075239734447996,0.8674698795180723,0.34782608695652173,0.496551724137931,0.6679035250463822,0.1854277104139328
0.5116849088424535,0.6609232351806609,0.8441558441558441,0.3080568720379147,0.4513888888888889,0.626204238921002,0.1841927021741867
0.42547577342996035,0.6623127398786679,0.8902439024390244,0.3395348837209302,0.49158249158249157,0.6721915285451197,0.19592274725437164
0.5157133330207292,0.6711413364872857,0.8651685393258427,0.36666666666666664,0.5150501672240803,0.6802120141342756,0.20126168429851532
0.4321052897929592,0.6554334554334553,0.8928571428571429,0.35046728971962615,0.5033557046979866,0.6818181818181818,0.19873374700546265
0.5034436257569557,0.6455938697318008,0.8390804597701149,0.37244897959183676,0.5159010600706714,0.6709558823529411,0.20210948586463928
0.45566311485094996,0.6521984924623115,0.85,0.3285024154589372,0.4738675958188153,0.6451612903225806,0.1913221925497055
0.521849527517683,0.6903110186148688,0.8494623655913979,0.4030612244897959,0.5467128027681661,0.6954225352112676,0.2046264111995697
0.3596633099702496,0.5903181874458339,0.8170731707317073,0.3316831683168317,0.47183098591549294,0.6320754716981132,0.20689700543880463
0.4594082077745405,0.6810344827586208,0.8620689655172413,0.3694581280788177,0.5172413793103449,0.6805807622504537,0.20051218569278717
0.43132841629259794,0.6621588394393902,0.891566265060241,0.334841628959276,0.4868421052631579,0.6690777576853526,0.1974191963672638
0.48301025866461844,0.6962404214559387,0.8620689655172413,0.375,0.5226480836236934,0.6843065693430657,0.19625860452651978
0.375989221732514,0.6127215189873418,0.8227848101265823,0.33505154639175255,0.47619047619047616,0.6372549019607843,0.1986578106880188
0.5682335986773748,0.729789153230353,0.9489795918367347,0.45365853658536587,0.6138613861386139,0.7788944723618091,0.20845863223075867
0.4525882975161343,0.6980961561633932,0.9186046511627907,0.3853658536585366,0.5429553264604811,0.7194899817850637,0.19729728996753693
0.513679791702298,0.6925868633983818,0.9090909090909091,0.3827751196172249,0.5387205387205387,0.7130124777183601,0.19727306067943573
0.4581715710092613,0.6512891663776159,0.8709677419354839,0.3894230769230769,0.5382059800664452,0.6982758620689655,0.214872345328331
0.41625074791582684,0.6639231824417011,0.8888888888888888,0.3582089552238806,0.5106382978723404,0.6857142857142857,0.19547097384929657
0.5838033213038247,0.6931007137192704,0.845360824742268,0.40594059405940597,0.5484949832775919,0.6949152542372882,0.20813266932964325
0.4097322476132063,0.6139655812801783,0.8658536585365854,0.33490566037735847,0.48299319727891155,0.6574074074074074,0.20117613673210144
0.38637274512068964,0.6186832969011187,0.8181818181818182,0.3073170731707317,0.44680851063829785,0.6140350877192983,0.19343696534633636
0.4625000930036921,0.6646803900325027,0.8028169014084507,0.2878787878787879,0.42379182156133827,0.5912863070539419,0.17559581995010376
0.43314517133373975,0.6418927607046419,0.8311688311688312,0.32160804020100503,0.463768115942029,0.631163708086785,0.18835154175758362
0.522164002046832,0.7298501919029343,0.926829268292683,0.36363636363636365,0.5223367697594502,0.707635009310987,0.1848887801170349
0.4639927727695325,0.5757627504553733,0.7916666666666666,0.37254901960784315,0.5066666666666667,0.6462585034013606,0.22464284300804138
0.5465645249276553,0.6891694725028058,0.8585858585858586,0.4146341463414634,0.5592105263157895,0.7071547420965059,0.21638013422489166
0.5262851794045387,0.7089265816516033,0.8902439024390244,0.36318407960199006,0.5159010600706714,0.6899810964083176,0.1865379959344864
0.43470381207421976,0.6405772044154807,0.8493150684931506,0.2966507177033493,0.4397163120567376,0.6187624750499002,0.18311116099357605
0.399550265940566,0.5758227848101266,0.7848101265822784,0.2980769230769231,0.43205574912891986,0.5916030534351145,0.19911646842956543
0.4944855469811717,0.7206786328989427,0.9156626506024096,0.37073170731707317,0.5277777777777778,0.707635009310987,0.18847930431365967
0.4680673516313315,0.6725933908045977,0.8275862068965517,0.34951456310679613,0.49146757679180886,0.6498194945848376,0.20065170526504517
0.5276289264659476,0.6649904214559387,0.8390804597701149,0.35784313725490197,0.5017182130584192,0.6612318840579711,0.19650475680828094
0.4689978292922698,0.626374926079243,0.8314606741573034,0.3474178403755869,0.4900662251655629,0.6502636203866432,0.20720630884170532
0.39444430762685234,0.5894396551724138,0.7816091954022989,0.3333333333333333,0.46735395189003437,0.6159420289855072,0.2118927240371704
0.4179577142656284,0.712293314162473,0.8461538461538461,0.27638190954773867,0.4166666666666667,0.599128540305011,0.16417427361011505
0.37967180433999975,0.604812129202373,0.8378378378378378,0.31155778894472363,0.4542124542124542,0.6262626262626263,0.18979167938232422
0.49594913495476817,0.7114774114774114,0.9047619047619048,0.3486238532110092,0.5033112582781457,0.6859205776173285,0.19074074923992157
0.4927181404268196,0.6314255116611137,0.8068181818181818,0.34299516908212563,0.48135593220338985,0.6350626118067979,0.2043948471546173
0.4890151846531804,0.6896360954020161,0.9036144578313253,0.373134328358209,0.528169014084507,0.7035647279549718,0.19108504056930542
0.5083912092923492,0.6592071611253196,0.8804347826086957,0.38028169014084506,0.5311475409836065,0.6970740103270223,0.20673175156116486
0.4180387935866312,0.6722567287784679,0.8260869565217391,0.2780487804878049,0.41605839416058393,0.5925155925155925,0.1738150268793106
0.44328681815780757,0.6427763819095478,0.8,0.3316062176165803,0.46886446886446886,0.6237816764132553,0.19438591599464417
0.43056570436896646,0.665531756840411,0.9024390243902439,0.3557692307692308,0.5103448275862069,0.6902985074626866,0.1952112764120102
0.4104413955506364,0.655193760059428,0.8658536585365854,0.3604060913705584,0.5089605734767025,0.6761904761904762,0.19727861881256104
0.5166827805140923,0.6695696721311475,0.8541666666666666,0.3904761904761905,0.5359477124183006,0.6902356902356902,0.21210186183452606
0.48360823973188843,0.684004884004884,0.9047619047619048,0.37073170731707317,0.5259515570934256,0.7024029574861368,0.19423599541187286
0.4126670526982094,0.6487720200591488,0.8571428571428571,0.3333333333333333,0.48,0.6521739130434783,0.18914677202701569
0.3603092379587396,0.5941358024691358,0.7916666666666666,0.2651162790697674,0.397212543554007,0.5666003976143141,0.187619149684906
0.5156555028064965,0.7044075770706946,0.8902439024390244,0.3395348837209302,0.49158249158249157,0.6721915285451197,0.18800370395183563
0.5397187674164332,0.7137659187386295,0.9058823529411765,0.3615023474178404,0.5167785234899329,0.6962025316455697,0.19130443036556244
0.4782287573513422,0.6648728562980484,0.8876404494382022,0.37799043062200954,0.5302013422818792,0.6991150442477876,0.2036471664905548
0.5254682375737808,0.6881032547699215,0.8888888888888888,0.42718446601941745,0.5770491803278689,0.7308970099667774,0.21461397409439087
0.4964060663654609,0.6627201332698713,0.8181818181818182,0.35467980295566504,0.4948453608247423,0.6486486486486487,0.20133323967456818
0.46140828174040815,0.6310464559386973,0.8160919540229885,0.3446601941747573,0.48464163822525597,0.6407942238267148,0.20383408665657043
0.4389983957145274,0.6680079237340597,0.9024390243902439,0.3425925925925926,0.4966442953020134,0.6801470588235294,0.19362451136112213
0.5094604384764048,0.6497609289617486,0.875,0.39622641509433965,0.5454545454545454,0.7046979865771812,0.21422095596790314
0.421792181380673,0.6239288068556361,0.7837837837837838,0.2761904761904762,0.4084507042253521,0.5731225296442688,0.1861605942249298
0.5359155138552146,0.7199294532627867,0.9111111111111111,0.3923444976076555,0.5484949832775919,0.7205623901581723,0.19601620733737946
0.47699623445896167,0.6496375964461072,0.8571428571428571,0.38235294117647056,0.5288135593220339,0.6866197183098591,0.20862677693367004
0.5285477894077537,0.7070818070818071,0.8809523809523809,0.3645320197044335,0.5156794425087108,0.686456400742115,0.19027593731880188
0.4939539206807847,0.6835775335775336,0.8214285714285714,0.350253807106599,0.49110320284697506,0.6472795497185742,0.19464309513568878
0.4812844452755519,0.6619463011215588,0.8762886597938144,0.41262135922330095,0.5610561056105611,0.7154882154882155,0.21817494928836823
0.5063277337093663,0.73003663003663,0.8809523809523809,0.37185929648241206,0.5229681978798587,0.6915887850467289,0.18669740855693817
0.4750611437960609,0.6798229205636613,0.8395061728395061,0.3487179487179487,0.4927536231884058,0.6551059730250481,0.19031858444213867
0.50023884072394,0.6589419206440483,0.8829787234042553,0.38425925925925924,0.535483870967742,0.7010135135135135,0.20937579870224
0.4925868049671611,0.6793187630783539,0.8913043478260869,0.4,0.5521885521885522,0.7155322862129145,0.20509278774261475
0.43976348131384385,0.5705517886368949,0.7582417582417582,0.32547169811320753,0.45544554455445546,0.5989583333333334,0.2163027971982956
0.5052543477794609,0.6903267973856209,0.84,0.3103448275862069,0.45323741007194246,0.6262425447316103,0.1775633543729782
0.4109102475911855,0.601118760757315,0.8192771084337349,0.3238095238095238,0.4641638225255973,0.6273062730627307,0.20266561210155487
0.4574010079117607,0.6532567049808429,0.8850574712643678,0.3684210526315789,0.5202702702702703,0.6912028725314183,0.20209971070289612
0.42543656799247376,0.6103005362264622,0.8271604938271605,0.3073394495412844,0.44816053511705684,0.6180811808118081,0.19763949513435364
0.44915142027615984,0.645886075949367,0.8860759493670886,0.32407407407407407,0.4745762711864407,0.6578947368421053,0.19104506075382233
0.5156542870429468,0.6368867705184841,0.8369565217391305,0.3701923076923077,0.5133333333333333,0.6684027777777778,0.2087409496307373
0.5025046732097619,0.7088763216129825,0.9036144578313253,0.373134328358209,0.528169014084507,0.7035647279549718,0.1882724016904831
0.41858658775757684,0.5896001903855308,0.8636363636363636,0.36538461538461536,0.5135135135135135,0.6785714285714286,0.21193823218345642
0.41250566613831186,0.6255555555555555,0.84,0.3165829145728643,0.45985401459854014,0.6312625250501002,0.1872234344482422
0.47506133765275427,0.6742112482853224,0.8148148148148148,0.3157894736842105,0.45517241379310347,0.6191369606003753,0.18996025621891022
0.417789608636423,0.6524500907441015,0.8026315789473685,0.3128205128205128,0.45018450184501846,0.6112224448897795,0.18697389960289001
0.5074976705922745,0.6716867469879517,0.8433734939759037,0.33175355450236965,0.47619047619047616,0.6445672191528545,0.19302277266979218
0.5206138559741728,0.6777268787916306,0.8170731707317073,0.3471502590673575,0.48727272727272725,0.6429942418426103,0.1889227032661438
0.42159412872993324,0.6305925749643027,0.8409090909090909,0.38144329896907214,0.524822695035461,0.6776556776556777,0.20879395306110382
0.4910837693201923,0.749222193414571,0.8947368421052632,0.35789473684210527,0.5112781954887218,0.6882591093117408,0.17366881668567657
0.44850443843333937,0.6460427135678392,0.775,0.3069306930693069,0.4397163120567376,0.5938697318007663,0.19274267554283142
0.488245778623288,0.6028021978021978,0.8173076923076923,0.3953488372093023,0.5329153605015674,0.6735340729001584,0.23361533880233765
0.4380761967677257,0.6060640732265445,0.8210526315789474,0.3786407766990291,0.5182724252491694,0.6655290102389079,0.22078384459018707
0.3706165958438087,0.6201521386706572,0.8888888888888888,0.3380281690140845,0.4897959183673469,0.6703910614525139,0.2005898803472519
0.4180485668800319,0.6173368490441661,0.8243243243243243,0.29901960784313725,0.43884892086330934,0.61,0.1860680878162384
0.357365980171152,0.5792192881745121,0.8076923076923077,0.3165829145728643,0.4548736462093863,0.6164383561643836,0.2004012167453766
0.4308192251733266,0.6499553514478887,0.8974358974358975,0.3349282296650718,0.4878048780487805,0.6717850287907869,0.18964792788028717
0.3978299680476729,0.6092608641822459,0.7804878048780488,0.34782608695652173,0.48120300751879697,0.625,0.20139777660369873
0.4196917844154171,0.6163179398291445,0.7439024390243902,0.3177083333333333,0.44525547445255476,0.5865384615384616,0.20044882595539093
0.418012676632595,0.6313797313797314,0.8571428571428571,0.34782608695652173,0.4948453608247423,0.6629834254143646,0.20090782642364502
0.41580397620652326,0.6617007251153593,0.8108108108108109,0.30612244897959184,0.4444444444444444,0.6097560975609756,0.18198485672473907
0.5151218118893554,0.6507207626133458,0.8260869565217391,0.3568075117370892,0.49836065573770494,0.6540447504302926,0.20774127542972565
0.4535213010410422,0.7014287536675596,0.9102564102564102,0.3317757009345794,0.4863013698630137,0.6749049429657795,0.18615254759788513
0.5040651052449133,0.6721799143265113,0.8295454545454546,0.36683417085427134,0.5087108013937283,0.662431941923775,0.2002233862876892
0.4485231887401103,0.670683214845162,0.9069767441860465,0.36792452830188677,0.5234899328859061,0.7014388489208633,0.20017604529857635
0.512350385120898,0.6989240342234898,0.8421052631578947,0.34594594594594597,0.4904214559386973,0.65439672801636,0.17847540974617004
0.44998176074263063,0.6593091407906223,0.8765432098765432,0.3380952380952381,0.4879725085910653,0.6647940074906367,0.1938900351524353
0.436898158881491,0.6463399426362388,0.8148148148148148,0.33,0.4697508896797153,0.6297709923664122,0.1950821727514267
0.37282067468476127,0.5724572457245725,0.7532467532467533,0.29441624365482233,0.4233576642335766,0.5742574257425742,0.19748252630233765
0.3920105591191969,0.6637254901960785,0.8666666666666667,0.3037383177570093,0.44982698961937717,0.632295719844358,0.18630452454090118
0.44377150405127497,0.6585444258711586,0.922077922077922,0.3333333333333333,0.4896551724137931,0.6813819577735125,0.18694600462913513
0.476794050614583,0.6082206035379814,0.8064516129032258,0.3712871287128713,0.5084745762711864,0.6533101045296167,0.21591714024543762
0.5284383847581392,0.7211643420254701,0.9529411764705882,0.39901477832512317,0.5625,0.7458563535911602,0.190729558467865
0.4874695685418029,0.7124924196482717,0.9294117647058824,0.3744075829383886,0.5337837837837838,0.7168784029038112,0.19253212213516235
0.4851030111929616,0.6607765635898628,0.8804347826086957,0.41116751269035534,0.5605536332179931,0.7168141592920354,0.21031178534030914
0.46576093753467956,0.6499886156648452,0.875,0.3888888888888889,0.5384615384615384,0.7,0.21667811274528503
0.42650021340171884,0.6272602568898865,0.8271604938271605,0.3333333333333333,0.475177304964539,0.638095238095238,0.19734878838062286
0.4710296511200435,0.6307474797147775,0.8313253012048193,0.3382352941176471,0.4808362369337979,0.6436567164179104,0.19752876460552216
0.5154917346661045,0.7180715585203153,0.8941176470588236,0.40425531914893614,0.5567765567765568,0.7196969696969697,0.1921962946653366
0.3429740887539988,0.6154901960784314,0.8533333333333334,0.32323232323232326,0.46886446886446886,0.642570281124498,0.19383947551250458
0.5551879596721827,0.6733230361871139,0.8349514563106796,0.4174757281553398,0.5566343042071198,0.6957928802588996,0.22243045270442963
0.5080853097310005,0.6809452550193292,0.8641975308641975,0.33980582524271846,0.4878048780487805,0.660377358490566,0.18900063633918762
0.46556126303027046,0.6110046228436127,0.7959183673469388,0.3804878048780488,0.5148514851485149,0.6532663316582915,0.22410139441490173
0.49852103436262746,0.6528805336567617,0.8352941176470589,0.3446601941747573,0.4879725085910653,0.6501831501831502,0.19587549567222595
0.4623793080662715,0.6541413891296273,0.8658536585365854,0.3380952380952381,0.4863013698630137,0.6598513011152416,0.19535589218139648
0.43566535418027025,0.6708817498291183,0.8857142857142857,0.28054298642533937,0.4261168384879725,0.6187624750499002,0.1752910315990448
0.41536019043440175,0.6565326633165829,0.8625,0.34673366834170855,0.4946236559139785,0.6647398843930635,0.1935936063528061
0.5020650034239962,0.6838675355765395,0.8356164383561644,0.28773584905660377,0.4280701754385965,0.6051587301587301,0.17552655935287476
0.4249535380536424,0.6324748743718592,0.8625,0.3415841584158416,0.48936170212765956,0.6609195402298851,0.19527405500411987
0.4805779430304728,0.6400272378358302,0.8414634146341463,0.323943661971831,0.46779661016949153,0.6377079482439926,0.19504141807556152
0.48960983696040183,0.6984947059573925,0.8076923076923077,0.315,0.45323741007194246,0.615234375,0.18239697813987732
0.6146488207818066,0.7565036420395421,0.9354838709677419,0.4223300970873786,0.5819397993311036,0.7525951557093425,0.19663403928279877
0.39649838994456005,0.6850432115974352,0.9117647058823529,0.2938388625592417,0.4444444444444444,0.6418219461697723,0.1733112633228302
0.4561936576868245,0.6203759854457247,0.8470588235294118,0.3333333333333333,0.47840531561461797,0.6474820143884892,0.20349663496017456
0.5068284466570732,0.6955372510449964,0.891566265060241,0.3474178403755869,0.5,0.6788990825688074,0.19007284939289093
0.4806261604687051,0.6699818071558521,0.8352941176470589,0.3497536945812808,0.4930555555555556,0.6537753222836096,0.19768983125686646
0.4089501813017944,0.6119990164740594,0.8433734939759037,0.32710280373831774,0.4713804713804714,0.6410256410256411,0.2046348750591278
0.5910897753180427,0.7404462242562928,0.8736842105263158,0.43005181347150256,0.5763888888888888,0.7242582897033158,0.20072925090789795
0.4466135556471369,0.6304402045142785,0.8148148148148148,0.3316582914572864,0.4714285714285714,0.6309751434034416,0.19555923342704773
0.5381437142280286,0.7425035697287007,0.9545454545454546,0.39622641509433965,0.56,0.7446808510638298,0.19307470321655273
0.4908700169532552,0.699645180366647,0.9213483146067416,0.3761467889908257,0.5342019543973942,0.7142857142857143,0.1987602412700653
0.4878317182800433,0.6706511839708561,0.8645833333333334,0.4129353233830846,0.5589225589225589,0.7094017094017094,0.21435421705245972
0.5175764202574009,0.6870104831907459,0.8255813953488372,0.36787564766839376,0.5089605734767025,0.6610800744878957,0.19563794136047363
0.5120613320659784,0.7161117346302532,0.8888888888888888,0.35467980295566504,0.5070422535211268,0.683111954459203,0.18380479514598846
0.41700740501040967,0.6749829118250171,0.8285714285714286,0.3036649214659686,0.4444444444444444,0.6157112526539278,0.17428426444530487
0.5116564360844637,0.6982758620689655,0.868421052631579,0.3283582089552239,0.47653429602888087,0.6534653465346535,0.17791292071342468
0.440996569352488,0.6596508604679956,0.8780487804878049,0.33962264150943394,0.4897959183673469,0.6666666666666666,0.1951594054698944
0.4467207458522505,0.6712099781406712,0.8571428571428571,0.32673267326732675,0.4731182795698925,0.6470588235294118,0.18635036051273346
0.4475980328054686,0.6258511823696917,0.8048780487804879,0.3157894736842105,0.4536082474226804,0.6145251396648045,0.19734886288642883
0.45794041707254246,0.6502855782960496,0.9090909090909091,0.36036036036036034,0.5161290322580645,0.6968641114982579,0.20381426811218262
0.46215123912485123,0.673072318007663,0.896551724137931,0.3804878048780488,0.5342465753424658,0.705244122965642,0.20051774382591248
0.45790148243278606,0.6653123104912068,0.8588235294117647,0.3476190476190476,0.49491525423728816,0.6636363636363637,0.19888432323932648
0.4334800013197684,0.616436754734627,0.8571428571428571,0.36792452830188677,0.5148514851485149,0.6770833333333334,0.2147412896156311
0.4868754151816143,0.6798548310328415,0.875,0.36492890995260663,0.5150501672240803,0.6838365896980462,0.20188620686531067
0.47204681198816134,0.6828277356446371,0.8732394366197183,0.3024390243902439,0.4492753623188406,0.6339468302658486,0.17437689006328583
0.4797195384880285,0.6769731989181216,0.9156626506024096,0.3619047619047619,0.5187713310580204,0.7011070110701108,0.1937747597694397
0.48477886408939547,0.6789990421455939,0.8850574712643678,0.38308457711442784,0.5347222222222222,0.7012750455373407,0.1997845619916916
0.4316045540245921,0.6489499611096706,0.8157894736842105,0.3024390243902439,0.4412811387900356,0.6090373280943026,0.18712197244167328
0.3620846598790806,0.5920314253647587,0.8024691358024691,0.30660377358490565,0.44368600682593856,0.6063432835820896,0.20341967046260834
0.45080974700405385,0.6539556766126038,0.8292682926829268,0.3487179487179487,0.49097472924187724,0.6500956022944551,0.19534502923488617
0.41413312337991903,0.7119338605319914,0.9076923076923077,0.28780487804878047,0.43703703703703706,0.6344086021505376,0.1648440957069397
0.48822273211416867,0.6645644930985246,0.8068181818181818,0.36787564766839376,0.505338078291815,0.6513761467889908,0.2020057588815689
0.5574898026740565,0.7047619047619048,0.8555555555555555,0.385,0.5310344827586206,0.6875,0.1973656564950943
0.36951583314346625,0.6165868769360744,0.8208955223880597,0.270935960591133,0.4074074074074074,0.583864118895966,0.17697326838970184
0.41664195201638377,0.6309045226130653,0.9125,0.33640552995391704,0.49158249158249157,0.6797020484171322,0.19512876868247986
0.3986316104393828,0.6376678876678876,0.8928571428571429,0.36585365853658536,0.5190311418685121,0.6931608133086876,0.20469148457050323
0.45933018155260613,0.6426891172465025,0.8536585365853658,0.330188679245283,0.47619047619047616,0.6481481481481481,0.19598807394504547
0.4183980164427811,0.5997487437185929,0.7875,0.3165829145728643,0.45161290322580644,0.6069364161849711,0.19753795862197876
0.52638726402189,0.7305033353547605,0.8470588235294118,0.36548223350253806,0.5106382978723404,0.6703910614525139,0.18696552515029907
0.4855162449644814,0.6549676660787772,0.8333333333333334,0.36231884057971014,0.5050505050505051,0.6613756613756614,0.20749150216579437
0.4945960904776368,0.6236921646128807,0.8369565217391305,0.3719806763285024,0.5150501672240803,0.6695652173913044,0.21404476463794708
0.44388590972686537,0.6851827845475759,0.868421052631579,0.3333333333333333,0.48175182481751827,0.6573705179282868,0.18303853273391724
0.4526113967137757,0.654493670886076,0.8354430379746836,0.3188405797101449,0.46153846153846156,0.6309751434034416,0.18908192217350006
0.5941371290527924,0.7063473610788188,0.8695652173913043,0.3827751196172249,0.53156146179402,0.6932409012131716,0.19917820394039154
0.572885570768067,0.7291432846988402,0.8888888888888888,0.36363636363636365,0.5161290322580645,0.6896551724137931,0.1809292584657669
0.41126795496272506,0.6267088607594937,0.7974683544303798,0.32642487046632124,0.4632352941176471,0.618860510805501,0.1955169439315796
0.5113202421203643,0.6642563198118754,0.8111111111111111,0.36683417085427134,0.5051903114186851,0.6529516994633273,0.20192217826843262
0.37934359091721137,0.5908753249969048,0.8048780487804879,0.3235294117647059,0.46153846153846156,0.6203007518796992,0.20624184608459473
0.49645330578187397,0.6983668341708543,0.9,0.34951456310679613,0.5034965034965035,0.6844106463878327,0.18649493157863617
0.40404103128416136,0.6852654387865655,0.8450704225352113,0.30612244897959184,0.449438202247191,0.625,0.1770894080400467
0.4124609257889369,0.6062881562881564,0.8452380952380952,0.3380952380952381,0.48299319727891155,0.6501831501831502,0.20379196107387543
0.48161929040133505,0.6551282051282051,0.8333333333333334,0.33816425120772947,0.48109965635738833,0.6445672191528545,0.19640344381332397
0.5352272833932211,0.6809856609230027,0.9069767441860465,0.35944700460829493,0.5148514851485149,0.6951871657754011,0.19353891909122467
0.4938381747722883,0.7070694564813669,0.926829268292683,0.3671497584541063,0.5259515570934256,0.7102803738317757,0.18909607827663422
0.5181139741709766,0.647415886229622,0.8279569892473119,0.39086294416243655,0.5310344827586206,0.6766256590509666,0.21129575371742249
0.5423223406435168,0.6407657657657658,0.8378378378378378,0.4626865671641791,0.5961538461538461,0.7209302325581395,0.241830974817276
0.4547035098307627,0.6653552987460045,0.8795180722891566,0.365,0.5159010600706714,0.6860902255639098,0.19615648686885834
0.4729548586479744,0.6637570690926974,0.8674698795180723,0.34951456310679613,0.4982698961937716,0.6691449814126395,0.19516447186470032
0.4651959229781587,0.6585470085470085,0.8809523809523809,0.3627450980392157,0.5138888888888888,0.6851851851851852,0.19723644852638245
0.4998987404774029,0.6829631635969664,0.8591549295774648,0.29901960784313725,0.44363636363636366,0.625,0.17336666584014893
0.42813428373966,0.6261986722399804,0.8192771084337349,0.33170731707317075,0.4722222222222222,0.633147113594041,0.20011486113071442
0.5252562337919215,0.6889271590764128,0.8846153846153846,0.3317307692307692,0.4825174825174825,0.6634615384615384,0.18220745027065277
0.4692368329827986,0.6768344451182534,0.8705882352941177,0.3592233009708738,0.5085910652920962,0.6776556776556777,0.19707679748535156
0.44646187331651,0.691146149181322,0.8823529411764706,0.38071065989847713,0.5319148936170213,0.6983240223463687,0.19885528087615967
0.4416018790793603,0.6684027777777778,0.8390804597701149,0.35960591133004927,0.503448275862069,0.662431941923775,0.20258685946464539
0.5550859479702706,0.6869248035914703,0.9191919191919192,0.43333333333333335,0.5889967637540453,0.7508250825082509,0.21298515796661377
0.4792980870235294,0.6474274008916737,0.8372093023255814,0.3564356435643564,0.5,0.6593406593406593,0.2003796100616455
0.42905133432967996,0.6558860759493671,0.8607594936708861,0.3469387755102041,0.49454545454545457,0.6640625,0.19204780459403992
0.401813828062351,0.6256268483991256,0.7922077922077922,0.3034825870646766,0.43884892086330934,0.5992141453831041,0.19124209880828857
0.48694449004600066,0.6604118993135011,0.9157894736842105,0.4009216589861751,0.5576923076923077,0.7286432160804021,0.21258819103240967
0.4866155878596065,0.6629804849201656,0.8314606741573034,0.35071090047393366,0.49333333333333335,0.6525573192239859,0.2033737450838089
0.41247602454093824,0.6602803137456603,0.8831168831168831,0.3300970873786408,0.48056537102473496,0.6614785992217899,0.1876365840435028
0.4888510422271168,0.6689820506515859,0.8554216867469879,0.33649289099526064,0.48299319727891155,0.6537753222836096,0.19398121535778046
0.4265978817158702,0.6274397244546498,0.8461538461538461,0.3142857142857143,0.4583333333333333,0.632183908045977,0.1913519948720932
0.4653087852810153,0.6850212249848393,0.9058823529411765,0.375609756097561,0.5310344827586206,0.7064220183486238,0.19677430391311646
0.4785679150029194,0.662219526986052,0.8117647058823529,0.3556701030927835,0.4946236559139785,0.6460674157303371,0.19737355411052704
0.48693513015015405,0.6518670309653916,0.8541666666666666,0.3961352657004831,0.5412541254125413,0.6937394247038917,0.21619921922683716
0.39849983478245743,0.6347563327761346,0.8701298701298701,0.32367149758454106,0.47183098591549294,0.6504854368932039,0.1914001852273941
0.3696643868132341,0.6025534851621808,0.8405797101449275,0.29743589743589743,0.4393939393939394,0.6157112526539278,0.18344399333000183
0.3894580486027408,0.6218300653594772,0.8266666666666667,0.31,0.4509090909090909,0.62,0.18824414908885956
0.39849335788270734,0.6207398423286841,0.8705882352941177,0.34579439252336447,0.49498327759197325,0.6678700361010831,0.2066030502319336
0.4901745142042039,0.6487608136544306,0.8681318681318682,0.37264150943396224,0.5214521452145214,0.6857638888888888,0.20829416811466217
0.4428504446062531,0.6818303811057435,0.8333333333333334,0.31413612565445026,0.45627376425855515,0.6263048016701461,0.17512677609920502
0.4232562278007694,0.6392336426075431,0.8837209302325582,0.35023041474654376,0.5016501650165016,0.6773618538324421,0.20424900949001312
0.44618701386676685,0.6379844001485699,0.8170731707317073,0.3101851851851852,0.44966442953020136,0.6158088235294118,0.1960689276456833
0.43336329350485503,0.6343873517786562,0.9130434782608695,0.3888888888888889,0.5454545454545454,0.7191780821917808,0.21379177272319794
0.4452199304071173,0.6098799059056581,0.8414634146341463,0.32701421800947866,0.4709897610921502,0.640074211502783,0.19943024218082428
0.5087319625101534,0.6672031694936238,0.8414634146341463,0.3399014778325123,0.4842105263157895,0.6497175141242938,0.19124360382556915
0.516871698218913,0.7037341772151898,0.9113924050632911,0.3582089552238806,0.5142857142857142,0.6963249516441006,0.18252897262573242
0.4128597592752558,0.5785930867192237,0.8,0.3269230769230769,0.4641638225255973,0.6204379562043796,0.20989684760570526
0.4731266069396668,0.6780796656011802,0.9036144578313253,0.36231884057971014,0.5172413793103449,0.6957328385899815,0.19326363503932953
0.5264707563041846,0.6872151898734178,0.8607594936708861,0.3417085427135678,0.4892086330935252,0.6601941747572816,0.18248389661312103
0.3822967929677943,0.6577215189873418,0.8987341772151899,0.3463414634146341,0.5,0.6813819577735125,0.19430598616600037
0.5368219988398514,0.6916386083052749,0.8787878787878788,0.4182692307692308,0.5667752442996743,0.7201986754966887,0.21503660082817078
0.5091714656703605,0.6878090856814261,0.8829787234042553,0.40096618357487923,0.5514950166112956,0.7118353344768439,0.20875054597854614
0.47623380156914485,0.6736500810574884,0.9012345679012346,0.3443396226415094,0.49829351535836175,0.6809701492537313,0.19142043590545654
0.5129191700515722,0.6109689620647457,0.8118811881188119,0.3867924528301887,0.5239616613418531,0.6655844155844156,0.2273227721452713
0.46746371121603353,0.6910759493670886,0.9240506329113924,0.35436893203883496,0.512280701754386,0.6992337164750958,0.18614929914474487
0.5161179341534121,0.6570252530871065,0.8415841584158416,0.4166666666666667,0.5573770491803278,0.6990131578947368,0.22149595618247986
0.521821645564935,0.6467158495954308,0.8068181818181818,0.33490566037735847,0.47333333333333333,0.6294326241134752,0.20129817724227905
0.5093982812442377,0.7010309278350516,0.8941176470588236,0.38190954773869346,0.5352112676056338,0.7050092764378478,0.1919844150543213
0.5987529100674879,0.7568845785440613,0.9080459770114943,0.3872549019607843,0.5429553264604811,0.7155797101449275,0.1845419853925705
0.37224266331256617,0.6217732884399552,0.8888888888888888,0.3564356435643564,0.508833922261484,0.6844106463878327,0.2015945017337799
0.4793656283751225,0.6780981167170426,0.8913043478260869,0.3961352657004831,0.5484949832775919,0.7130434782608696,0.20797549188137054
0.4052666220018184,0.6462152388078313,0.8271604938271605,0.3526315789473684,0.4944649446494465,0.6517509727626459,0.19723521173000336
0.46685296192275394,0.6795226130653266,0.8375,0.32211538461538464,0.4652777777777778,0.634469696969697,0.1894916445016861
0.40812142902460014,0.6423795963847964,0.8536585365853658,0.3349282296650718,0.48109965635738833,0.6517690875232774,0.19771496951580048
0.45151477968724485,0.5987397386981154,0.8279569892473119,0.34684684684684686,0.4888888888888889,0.6481481481481481,0.21704448759555817
0.5606371405856857,0.7162146364274022,0.8791208791208791,0.39800995024875624,0.547945205479452,0.7079646017699115,0.19730199873447418
0.5588303547992992,0.7333535476046088,0.8941176470588236,0.3584905660377358,0.5117845117845118,0.6884057971014492,0.18755681812763214
0.52914206451875,0.6868170192978377,0.8913043478260869,0.39805825242718446,0.5503355704697986,0.7142857142857143,0.2034715712070465
0.36957139025719565,0.6342305037957212,0.8260869565217391,0.27403846153846156,0.41155234657039713,0.5888429752066116,0.17939212918281555
0.5559532296445404,0.6595560180367672,0.8387096774193549,0.3979591836734694,0.5397923875432526,0.6866197183098591,0.20739316940307617
0.5459651028543245,0.6958213601532567,0.8620689655172413,0.3712871287128713,0.5190311418685121,0.6818181818181818,0.19499318301677704
0.4648958199112654,0.6610357727379004,0.8021978021978022,0.40782122905027934,0.5407407407407407,0.6721915285451197,0.209633007645607
0.41699223986187317,0.6651898734177215,0.8354430379746836,0.36065573770491804,0.5038167938931297,0.6613226452905812,0.19216705858707428
0.4603859097624676,0.6275576581904199,0.8202247191011236,0.35436893203883496,0.49491525423728816,0.6494661921708185,0.20802325010299683
0.47585035662397085,0.6905217502232427,0.8846153846153846,0.3520408163265306,0.5036496350364964,0.6791338582677166,0.1849479228258133
0.42093504008572846,0.6205433980821244,0.8072289156626506,0.3507853403141361,0.48905109489051096,0.6405353728489483,0.20089107751846313
0.3846847677541355,0.585974213760694,0.7790697674418605,0.3471502590673575,0.48028673835125446,0.6238361266294227,0.21381917595863342
0.5141634100556436,0.6756410256410256,0.9047619047619048,0.35023041474654376,0.5049833887043189,0.6871609403254972,0.19282805919647217
0.5033057990362215,0.6197643979057592,0.75,0.3316582914572864,0.45993031358885017,0.5989110707803993,0.20538198947906494
0.4623626981981641,0.6885532797511019,0.868421052631579,0.3316582914572864,0.48,0.6560636182902585,0.18157704174518585
0.3675533531521517,0.5903176425564485,0.782051282051282,0.30808080808080807,0.4420289855072464,0.5980392156862745,0.19828200340270996
0.501116062996044,0.6918738629472407,0.8941176470588236,0.36363636363636365,0.5170068027210885,0.692167577413479,0.194114550948143
0.5269720840382854,0.6493387004025302,0.8723404255319149,0.3961352657004831,0.5448504983388704,0.7032590051457976,0.21160413324832916
0.5167058649536557,0.6498810467882633,0.845360824742268,0.3904761904761905,0.5342019543973942,0.68561872909699,0.21548712253570557
0.4639192531340174,0.68077622801698,0.8470588235294118,0.35294117647058826,0.4982698961937716,0.6617647058823529,0.19573509693145752
0.4510297745510089,0.6261304140885292,0.8522727272727273,0.35377358490566035,0.5,0.6648936170212766,0.2074630856513977
0.4590517338134831,0.6048632218844985,0.7912087912087912,0.34285714285714286,0.47840531561461797,0.627177700348432,0.21334940195083618
0.4796913430313194,0.6753164556962025,0.8987341772151899,0.3380952380952381,0.4913494809688581,0.6749049429657795,0.18821728229522705
0.5080742487699994,0.668914205998605,0.8586956521739131,0.3872549019607843,0.5337837837837838,0.6905594405594405,0.20767715573310852
0.4041508276400645,0.6329597890573501,0.9054054054054054,0.32524271844660196,0.4785714285714286,0.6673306772908366,0.1857941895723343
0.46936351586082536,0.6157894736842106,0.8089887640449438,0.34782608695652173,0.4864864864864865,0.6394316163410302,0.20886115729808807
0.4058243066114411,0.6139813751754051,0.782051282051282,0.305,0.43884892086330934,0.595703125,0.1947423666715622
0.5375299785883956,0.7028435482043729,0.9072164948453608,0.4,0.555205047318612,0.7236842105263158,0.20948049426078796
0.381524064181059,0.6140274854525195,0.8414634146341463,0.32242990654205606,0.46621621621621623,0.6365313653136532,0.2021811157464981
0.5468573864741171,0.6859948562076221,0.8461538461538461,0.3719806763285024,0.5167785234899329,0.6742556917688266,0.20081575214862823
0.5351128555951973,0.7230442692540934,0.9058823529411765,0.3632075471698113,0.5185185185185185,0.697463768115942,0.18998324871063232
0.4737633396620203,0.6660081417624519,0.8850574712643678,0.3719806763285024,0.5238095238095238,0.6936936936936937,0.19989615678787231
0.5199828741093627,0.6865323315118398,0.8645833333333334,0.39712918660287083,0.5442622950819672,0.6998313659359191,0.21133723855018616
0.42878984800766495,0.6397929916448435,0.8148148148148148,0.3235294117647059,0.4631578947368421,0.625,0.19536659121513367
0.42526810374818014,0.6770886075949367,0.8734177215189873,0.3415841584158416,0.49110320284697506,0.666023166023166,0.1898585557937622
0.5181872696731028,0.6791559504325462,0.8681318681318682,0.3691588785046729,0.5180327868852459,0.6833910034602076,0.2034580409526825
0.4538653782079872,0.6993238933537441,0.8717948717948718,0.34517766497461927,0.49454545454545457,0.6679764243614931,0.18511135876178741
0.3954785253687634,0.6344100197758735,0.8513513513513513,0.3073170731707317,0.45161290322580644,0.6287425149700598,0.1864689141511917
0.4433569356912766,0.6238095238095238,0.7666666666666667,0.3612565445026178,0.49110320284697506,0.6261343012704175,0.21243640780448914
0.4417310669887558,0.6653846153846154,0.9047619047619048,0.36893203883495146,0.5241379310344828,0.7011070110701108,0.19878269731998444
0.46899154161196505,0.6592480291085506,0.8705882352941177,0.34418604651162793,0.49333333333333335,0.6666666666666666,0.1975460797548294
0.5638250550778726,0.7526499563536599,0.9259259259259259,0.375,0.5338078291814946,0.7156488549618321,0.1797371357679367
0.4394568456123607,0.640126582278481,0.8734177215189873,0.3382352941176471,0.4876325088339223,0.6634615384615384,0.19177649915218353
0.44082049216828867,0.6637570690926974,0.8674698795180723,0.3769633507853403,0.5255474452554745,0.6883365200764818,0.19693368673324585
0.36817746812394697,0.6446514837819186,0.8405797101449275,0.29441624365482233,0.43609022556390975,0.6131078224101479,0.1779085248708725
0.5151715387631184,0.6956654456654456,0.8690476190476191,0.36683417085427134,0.5159010600706714,0.6822429906542056,0.19248010218143463
0.36312517452139575,0.6246645195920558,0.8333333333333334,0.30927835051546393,0.45112781954887216,0.6224066390041494,0.1858857125043869
0.5009884008887631,0.6115852232873509,0.7912087912087912,0.375,0.508833922261484,0.6474820143884892,0.21122702956199646
0.4335740517977445,0.669873417721519,0.8860759493670886,0.34146341463414637,0.49295774647887325,0.6717850287907869,0.1897454410791397
0.38317807699824125,0.596999638510664,0.8488372093023255,0.35784313725490197,0.503448275862069,0.666058394160584,0.21086424589157104
0.52170063148172,0.6869488536155203,0.8888888888888888,0.3791469194312796,0.53156146179402,0.7005253940455342,0.20225267112255096
0.488227479248792,0.6873865698729583,0.9210526315789473,0.33816425120772947,0.49469964664310956,0.684931506849315,0.18106485903263092
0.41404926659809715,0.6830470290059139,0.9104477611940298,0.28110599078341014,0.4295774647887324,0.6288659793814433,0.17135502398014069
0.37616292715003535,0.6222836569371223,0.8311688311688312,0.32,0.4620938628158845,0.6299212598425197,0.1928141862154007
0.45857322191974753,0.6587779690189329,0.891566265060241,0.3627450980392157,0.5156794425087108,0.6902985074626866,0.19584868848323822
0.4649577533096604,0.6350970017636683,0.8333333333333334,0.38071065989847713,0.5226480836236934,0.6732495511669659,0.2098015695810318
0.43502854928591866,0.6081017149615611,0.8426966292134831,0.3787878787878788,0.5226480836236934,0.6768953068592057,0.21202880144119263
0.34948203441464754,0.5835860250494397,0.7702702702702703,0.27403846153846156,0.40425531914893614,0.5654761904761905,0.1927197128534317
0.5318887245088153,0.6803775743707094,0.8631578947368421,0.4079601990049751,0.5540540540540541,0.7056798623063684,0.20823073387145996
0.5043401650255402,0.6552741578559134,0.8433734939759037,0.3482587064676617,0.49295774647887325,0.6566604127579737,0.1937243491411209
0.4456758004580931,0.6569077013521458,0.8555555555555555,0.39896373056994816,0.5441696113074205,0.6962025316455697,0.20976564288139343
0.4717490133846633,0.6482830385015609,0.8172043010752689,0.38190954773869346,0.5205479452054794,0.6654991243432574,0.2132190614938736
0.4735377755496839,0.6902844873859366,0.8472222222222222,0.2961165048543689,0.43884892086330934,0.6174089068825911,0.1755652129650116
0.41392853638244426,0.5858585858585859,0.7407407407407407,0.2955665024630542,0.4225352112676056,0.5692599620493358,0.1999199092388153
0.42790215559267664,0.6593986998916577,0.8591549295774648,0.29901960784313725,0.44363636363636366,0.625,0.1770232766866684
0.2926576779435135,0.5959588848211772,0.835820895522388,0.27450980392156865,0.4132841328413284,0.5932203389830508,0.18439598381519318
0.43017636657263947,0.6144078144078143,0.8452380952380952,0.3480392156862745,0.4930555555555556,0.6574074074074074,0.20342057943344116
0.48928730396680215,0.6451982166526088,0.8255813953488372,0.3463414634146341,0.4879725085910653,0.6466302367941712,0.20062419772148132
0.4734627470841151,0.6744346733668343,0.875,0.34146341463414637,0.49122807017543857,0.6666666666666666,0.1890295147895813
0.38898924042630967,0.6386708860759494,0.8987341772151899,0.3397129186602871,0.4930555555555556,0.6761904761904762,0.19625523686408997
0.4831405828397948,0.6654642223536369,0.8202247191011236,0.39037433155080214,0.5289855072463768,0.6721915285451197,0.20472562313079834
0.512561242476216,0.7026272959776796,0.9021739130434783,0.3933649289099526,0.5478547854785478,0.7167530224525043,0.20452441275119781
0.5192173179903946,0.6884032836166031,0.8924731182795699,0.39903846153846156,0.5514950166112956,0.7155172413793104,0.20741626620292664
0.4596726686980451,0.6518919562113279,0.8522727272727273,0.36585365853658536,0.5119453924914675,0.6732495511669659,0.2032315880060196
0.39577114074791087,0.6451265822784811,0.8987341772151899,0.3380952380952381,0.4913494809688581,0.6749049429657795,0.19395537674427032
0.44760995372781054,0.6361609832509941,0.8255813953488372,0.3446601941747573,0.4863013698630137,0.6454545454545455,0.204002246260643
0.4627099772858365,0.6685142788287746,0.8604651162790697,0.37373737373737376,0.5211267605633803,0.6826568265682657,0.20000970363616943
0.47896785308853324,0.6408179449416562,0.8247422680412371,0.3864734299516908,0.5263157894736842,0.6722689075630253,0.21768254041671753
0.3705560982401389,0.627754731656728,0.8552631578947368,0.32019704433497537,0.4659498207885305,0.6410256410256411,0.1912917196750641
0.42904915377685476,0.6563398692810457,0.8266666666666667,0.31,0.4509090909090909,0.62,0.18432743847370148
0.4520068621876387,0.5902471315092674,0.8252427184466019,0.397196261682243,0.5362776025236593,0.6789137380191693,0.23612122237682343
0.34486616123694885,0.6679054556265794,0.8387096774193549,0.26,0.3969465648854962,0.5803571428571429,0.16794797778129578
0.5495268396137636,0.6986504890429615,0.926829268292683,0.336283185840708,0.4935064935064935,0.6859205776173285,0.1858816146850586
0.4898567472301271,0.569904700021659,0.8055555555555556,0.41037735849056606,0.54375,0.6754658385093167,0.2448776662349701
0.5349581910442679,0.7092451438406687,0.8554216867469879,0.35323383084577115,0.5,0.6660412757973734,0.18771898746490479
0.4937005899066508,0.6612580834803057,0.8666666666666667,0.3644859813084112,0.5131578947368421,0.6794425087108014,0.20690515637397766
0.4135531156389963,0.6138050766283525,0.8735632183908046,0.3486238532110092,0.49836065573770494,0.6713780918727915,0.20890504121780396
0.4762278125278173,0.6345197091465749,0.7435897435897436,0.2914572864321608,0.4187725631768953,0.5675146771037182,0.1882546842098236
0.42834799955994307,0.6646037843220942,0.7878787878787878,0.2653061224489796,0.3969465648854962,0.5652173913043478,0.16944116353988647
0.512173325334392,0.671023063276168,0.898876404494382,0.36199095022624433,0.5161290322580645,0.6932409012131716,0.20060719549655914
0.4276498457176833,0.6406962025316456,0.8354430379746836,0.30414746543778803,0.44594594594594594,0.6191369606003753,0.19269591569900513
0.5153107142071343,0.6802311285960168,0.891566265060241,0.36097560975609755,0.5138888888888888,0.6890130353817505,0.19119498133659363
0.45193965617037873,0.6256469235192639,0.8617021276595744,0.375,0.5225806451612903,0.6841216216216216,0.2171960026025772
0.45791071215501133,0.6215269240226211,0.8313253012048193,0.33658536585365856,0.4791666666666667,0.6424581005586593,0.1989804357290268
0.5120959173722663,0.6737195051451035,0.8602150537634409,0.3827751196172249,0.5298013245033113,0.6884681583476764,0.2061470001935959
0.4776506315576553,0.6557997557997558,0.8333333333333334,0.3211009174311927,0.46357615894039733,0.631768953068592,0.19771729409694672
0.5321825700543901,0.730886075949367,0.8607594936708861,0.37362637362637363,0.5210727969348659,0.6827309236947792,0.17977899312973022
0.4566538274647135,0.6964403427818062,0.8783783783783784,0.33505154639175255,0.48507462686567165,0.6632653061224489,0.17789609730243683
0.5052614570051766,0.6718459824192151,0.8292682926829268,0.3383084577114428,0.48056537102473496,0.6427221172022685,0.19066350162029266
0.4821782196667318,0.6956601917875583,0.891566265060241,0.35071090047393366,0.5034013605442177,0.6813996316758748,0.19161663949489594
0.39830300176690503,0.6016458788736017,0.7792207792207793,0.30456852791878175,0.43795620437956206,0.594059405940594,0.19302546977996826
0.43988334624075665,0.6372445616348056,0.8378378378378378,0.2966507177033493,0.4381625441696113,0.6138613861386139,0.18268388509750366
0.4523408153365717,0.6163634128350135,0.891566265060241,0.3394495412844037,0.49169435215946844,0.6727272727272727,0.199727401137352
0.5119826831178081,0.7307597737890338,0.9156626506024096,0.3838383838383838,0.5409252669039146,0.7169811320754716,0.18736204504966736
0.5067454253210135,0.6982758620689655,0.8735632183908046,0.3619047619047619,0.5117845117845118,0.6810035842293907,0.19528472423553467
0.418957358387213,0.6312845570271313,0.8441558441558441,0.30952380952380953,0.4529616724738676,0.6274131274131274,0.18933559954166412
0.38698994074739484,0.6040870138431114,0.8378378378378378,0.31313131313131315,0.45588235294117646,0.6275303643724697,0.19084897637367249
0.4567795894138678,0.6219483840967217,0.8586956521739131,0.38164251207729466,0.5284280936454849,0.6869565217391305,0.2140318751335144
0.49500792992895515,0.6206739526411659,0.78125,0.3640776699029126,0.4966887417218543,0.635593220338983,0.21952322125434875
0.46079801830560974,0.6427858835266242,0.8148148148148148,0.3316582914572864,0.4714285714285714,0.6309751434034416,0.19421623647212982
0.38459496152531447,0.6336783988957903,0.8405797101449275,0.2885572139303483,0.42962962962962964,0.6079664570230608,0.17971710860729218
0.47658045502001356,0.697463768115942,0.8055555555555556,0.29,0.4264705882352941,0.5942622950819673,0.17345121502876282
0.4978158034393063,0.6965314520870077,0.8777777777777778,0.40512820512820513,0.5543859649122806,0.7117117117117117,0.2016858011484146
0.4964796438809136,0.6934505385662993,0.8658536585365854,0.36787564766839376,0.5163636363636364,0.6813819577735125,0.18976080417633057
0.3830086737065341,0.5768054262534912,0.7945205479452054,0.28292682926829266,0.4172661870503597,0.5835010060362174,0.1897263377904892
0.45565098466084164,0.6434103761986723,0.8554216867469879,0.33649289099526064,0.48299319727891155,0.6537753222836096,0.1975710541009903
0.4380316048555365,0.6820915032679739,0.9066666666666666,0.32075471698113206,0.4738675958188153,0.6640625,0.18320973217487335
0.48706999552705216,0.69321608040201,0.9125,0.3492822966507177,0.5051903114186851,0.6899810964083176,0.18613280355930328
0.45112043248548683,0.6469135802469136,0.8777777777777778,0.35585585585585583,0.5064102564102564,0.6786941580756014,0.20767253637313843
0.468896263367346,0.6555555555555556,0.8809523809523809,0.3592233009708738,0.5103448275862069,0.6826568265682657,0.19855688512325287
0.5948766739357207,0.7509112286890065,0.9222222222222223,0.386046511627907,0.5442622950819672,0.7217391304347827,0.19143211841583252
0.4845150031157267,0.6431350114416476,0.8,0.38,0.5152542372881356,0.6551724137931034,0.21455103158950806
0.431167464311698,0.6688591099090238,0.891566265060241,0.35071090047393366,0.5034013605442177,0.6813996316758748,0.19641050696372986
0.39827992796080947,0.631394310498788,0.8333333333333334,0.3170731707317073,0.45936395759717313,0.6286266924564797,0.19258950650691986
0.5173766501021729,0.6682055846034041,0.8811881188118812,0.43842364532019706,0.5855263157894737,0.7331136738056013,0.2213430404663086
0.5545777971765542,0.6994133141762452,0.8505747126436781,0.36633663366336633,0.5121107266435986,0.6727272727272727,0.1933150291442871
0.48569760714233473,0.698178391959799,0.8875,0.35148514851485146,0.5035460992907801,0.6800766283524904,0.1860651820898056
0.4124802451748921,0.6594849246231156,0.9125,0.365,0.5214285714285715,0.7019230769230769,0.1941239982843399
0.3634707972760213,0.6067100395458604,0.8076923076923077,0.2985781990521327,0.4359861591695502,0.6022944550669216,0.19788040220737457
0.51382414124215,0.6438618925831202,0.8043478260869565,0.3490566037735849,0.4868421052631579,0.6379310344827587,0.20865455269813538
0.44814461484588347,0.6427235316124205,0.8024691358024691,0.33505154639175255,0.4727272727272727,0.6274131274131274,0.1948527693748474
0.34865458924805737,0.6032052134592366,0.8356164383561644,0.3065326633165829,0.4485294117647059,0.6211812627291242,0.18918609619140625
0.45886442602125166,0.6734924623115578,0.8375,0.33668341708542715,0.48028673835125446,0.6454720616570327,0.18901491165161133
0.4596022236748731,0.7053110400786821,0.9518072289156626,0.3744075829383886,0.5374149659863946,0.7274401473296501,0.19190290570259094
0.42397553722338044,0.6696835443037974,0.8607594936708861,0.3434343434343434,0.49097472924187724,0.6614785992217899,0.1899816244840622
0.46571910528102295,0.6795482295482295,0.8571428571428571,0.34951456310679613,0.496551724137931,0.6642066420664207,0.19545991718769073
0.4831269158819689,0.6700790229885056,0.8735632183908046,0.37438423645320196,0.5241379310344828,0.6896551724137931,0.19959470629692078
0.3765605269763146,0.5926739926739927,0.8690476190476191,0.33796296296296297,0.4866666666666667,0.6612318840579711,0.20755630731582642
0.40460707715456035,0.6448492462311558,0.825,0.3235294117647059,0.4647887323943662,0.6297709923664122,0.19390243291854858
0.4198066423770247,0.6607347876004592,0.8589743589743589,0.32057416267942584,0.46689895470383275,0.6429942418426103,0.189879909157753
0.45807986479083496,0.6575456053067993,0.8589743589743589,0.319047619047619,0.4652777777777778,0.6417624521072797,0.18784886598587036
0.4420806752193369,0.6503663003663004,0.8690476190476191,0.35609756097560974,0.5051903114186851,0.6746765249537893,0.1987878382205963
0.46132749989532695,0.6913071895424837,0.92,0.3026315789473684,0.45544554455445546,0.6534090909090909,0.18129809200763702
0.47817636340026354,0.6708496732026145,0.8133333333333334,0.30198019801980197,0.4404332129963899,0.6075697211155379,0.1801263391971588
0.5092105778157918,0.654469242098108,0.865979381443299,0.40384615384615385,0.5508196721311476,0.7046979865771812,0.21513552963733673
0.5250777260569007,0.7273740250092856,0.9024390243902439,0.37755102040816324,0.5323741007194245,0.7061068702290076,0.18451616168022156
0.48302194251690417,0.6639583820434884,0.8791208791208791,0.3791469194312796,0.5298013245033113,0.6956521739130435,0.20638684928417206
0.4058939098204676,0.6592631998936027,0.821917808219178,0.29850746268656714,0.43795620437956206,0.6085192697768763,0.18349960446357727
0.4623370083459404,0.6370775821037602,0.7954545454545454,0.358974358974359,0.49469964664310956,0.6398537477148081,0.20466488599777222
0.5040107085320524,0.6908424908424908,0.8690476190476191,0.35609756097560974,0.5051903114186851,0.6746765249537893,0.19196726381778717
0.49087019879463545,0.669429747207525,0.9111111111111111,0.37104072398190047,0.5273311897106109,0.7056798623063684,0.2039361149072647
0.4640327999486402,0.6388290229885057,0.7931034482758621,0.3484848484848485,0.4842105263157895,0.6318681318681318,0.20350928604602814
0.42459793249869404,0.6837761674718197,0.875,0.3088235294117647,0.45652173913043476,0.6402439024390244,0.17799092829227448
0.359258981903251,0.5727107337780473,0.8117647058823529,0.345,0.4842105263157895,0.6388888888888888,0.21274977922439575
0.5099802790379935,0.701867816091954,0.9080459770114943,0.3910891089108911,0.5467128027681661,0.7181818181818181,0.19695498049259186
0.5031433573110254,0.7155529272619752,0.8876404494382022,0.3969849246231156,0.5486111111111112,0.7117117117117117,0.1990036517381668
0.45487471530107476,0.6996527777777778,0.896551724137931,0.39195979899497485,0.5454545454545454,0.7129798903107861,0.1984650045633316
0.42497947668040925,0.6422680412371133,0.8705882352941177,0.357487922705314,0.5068493150684932,0.676416819012797,0.20184852182865143
0.4290968049877666,0.6489361702127658,0.8791208791208791,0.37383177570093457,0.5245901639344263,0.6920415224913494,0.212458997964859
0.4362630178445902,0.6656066841252026,0.8765432098765432,0.3480392156862745,0.4982456140350877,0.6723484848484849,0.19293485581874847
0.5086743462497115,0.6737124329716923,0.8765432098765432,0.3446601941747573,0.49477351916376305,0.6698113207547169,0.1893685758113861
0.41216772106334026,0.6704299017731852,0.8717948717948718,0.3469387755102041,0.49635036496350365,0.6692913385826772,0.18950164318084717
0.5003423512682004,0.6674772415513157,0.8518518518518519,0.34328358208955223,0.48936170212765956,0.6571428571428571,0.18949516117572784
0.4678005699785108,0.6322448487769611,0.8488372093023255,0.35609756097560974,0.5017182130584192,0.6648451730418944,0.20271490514278412
0.4604032985109576,0.700886075949367,0.9240506329113924,0.35609756097560974,0.5140845070422535,0.7005758157389635,0.18525630235671997
0.410952272259481,0.5951014159969383,0.8205128205128205,0.31683168316831684,0.45714285714285713,0.622568093385214,0.19590133428573608
0.4175495191166319,0.6552493940553643,0.8846153846153846,0.33014354066985646,0.4808362369337979,0.6621880998080614,0.19054625928401947
0.44936836736743163,0.6485958485958486,0.8809523809523809,0.334841628959276,0.4852459016393443,0.6642728904847397,0.19962790608406067
0.44401747873645403,0.623065494614337,0.8658536585365854,0.3333333333333333,0.48135593220338985,0.6561922365988909,0.1981337070465088
0.3441875906170375,0.6174837486457205,0.8591549295774648,0.2890995260663507,0.4326241134751773,0.6161616161616161,0.18664482235908508
0.47490313680907476,0.6754582865693977,0.8518518518518519,0.34673366834170855,0.4928571428571429,0.6596558317399618,0.19088809192180634
0.49446818304879336,0.6626702012290637,0.8488372093023255,0.3526570048309179,0.49829351535836175,0.662431941923775,0.19875536859035492
0.46472607939693916,0.6677215189873418,0.810126582278481,0.3333333333333333,0.47232472324723246,0.6299212598425197,0.18957142531871796
0.447414913469945,0.6425511661113754,0.8409090909090909,0.357487922705314,0.5016949152542373,0.6618962432915921,0.20542559027671814
0.37965381152470257,0.6281436349494425,0.8289473684210527,0.328125,0.4701492537313433,0.6350806451612904,0.19085602462291718
0.4941264437995463,0.7065373563218391,0.8620689655172413,0.3865979381443299,0.5338078291814946,0.6918819188191881,0.1962198168039322
0.4157182977529025,0.6289511494252873,0.8275862068965517,0.35294117647058826,0.4948453608247423,0.6521739130434783,0.2078876942396164
0.5143309586821528,0.6807172251616695,0.8777777777777778,0.3891625615763547,0.5392491467576792,0.7015985790408525,0.20158933103084564
0.44665228787586797,0.6199428843407901,0.8522727272727273,0.375,0.5208333333333334,0.6793478260869565,0.2087770402431488
0.5105211815116231,0.7296421000124704,0.9382716049382716,0.37438423645320196,0.5352112676056338,0.7210626185958254,0.1831815242767334
0.4225116030326751,0.6593802237366594,0.9090909090909091,0.3181818181818182,0.4713804713804714,0.6628787878787878,0.18945114314556122
0.4610841160881842,0.6072527472527472,0.875,0.4155251141552511,0.5634674922600619,0.7165354330708661,0.23328955471515656
0.49004036958419894,0.6885189039195283,0.8387096774193549,0.41935483870967744,0.5591397849462365,0.6989247311827957,0.2092246264219284
0.47582267779779797,0.6782377291543465,0.8764044943820225,0.3842364532019704,0.5342465753424658,0.6976744186046512,0.20369765162467957
0.48417826762687083,0.6493654214559388,0.8390804597701149,0.35960591133004927,0.503448275862069,0.662431941923775,0.20203275978565216
0.4018173374294594,0.6243297169223095,0.8271604938271605,0.3333333333333333,0.475177304964539,0.638095238095238,0.19793757796287537
0.4436821758113246,0.6979956663055256,0.9014084507042254,0.31683168316831684,0.46886446886446886,0.6584362139917695,0.17418745160102844
0.4188331342541738,0.6360518767926175,0.8271604938271605,0.3383838383838384,0.48028673835125446,0.6417624521072797,0.19785864651203156
0.38431881765944664,0.6255509463313456,0.7894736842105263,0.3,0.43478260869565216,0.5952380952380952,0.1903182864189148
0.5049634051688159,0.7002704696336366,0.8192771084337349,0.37362637362637363,0.5132075471698113,0.6614785992217899,0.19020295143127441
0.460469697445291,0.6898656898656899,0.8928571428571429,0.3787878787878788,0.5319148936170213,0.702247191011236,0.19361479580402374
0.4855421788621348,0.639030159668835,0.8089887640449438,0.3412322274881517,0.48,0.6349206349206349,0.20514900982379913
0.41263164324479323,0.6566903603940641,0.9259259259259259,0.36231884057971014,0.5208333333333334,0.7062146892655368,0.1960039585828781
0.4708580280723683,0.6751905581509712,0.8674698795180723,0.36,0.508833922261484,0.6766917293233082,0.1939956247806549
0.4563969081002298,0.6356593731519811,0.8764044943820225,0.37142857142857144,0.5217391304347826,0.6890459363957597,0.2080528438091278
0.49119005051279485,0.6202821869488536,0.8333333333333334,0.3605769230769231,0.5033557046979866,0.6602112676056338,0.20899444818496704
0.5687412899531106,0.6762013729977117,0.8526315789473684,0.3932038834951456,0.5382059800664452,0.6911262798634812,0.20819608867168427
0.5109386316773716,0.7200632911392405,0.9240506329113924,0.3492822966507177,0.5069444444444444,0.6952380952380952,0.18176081776618958
0.45128565873814774,0.6172251616696062,0.8333333333333334,0.3588516746411483,0.5016722408026756,0.6590509666080844,0.21212230622768402
0.492764573552378,0.6101258581235698,0.7789473684210526,0.357487922705314,0.4900662251655629,0.6303236797274276,0.21839800477027893
0.47650048819008156,0.6643318965517241,0.8620689655172413,0.35377358490566035,0.5016722408026756,0.6696428571428571,0.20123329758644104
0.4508280237040467,0.6544940208306547,0.8051948051948052,0.32460732984293195,0.4626865671641791,0.6212424849699398,0.18723060190677643
0.5315149644208284,0.6951628352490421,0.8850574712643678,0.37745098039215685,0.5292096219931272,0.697463768115942,0.19446887075901031
0.5302429511532983,0.7216117216117216,0.8928571428571429,0.38071065989847713,0.5338078291814946,0.7035647279549718,0.18838216364383698
0.4745990080760341,0.6259749907143741,0.8658536585365854,0.31140350877192985,0.45806451612903226,0.6384892086330936,0.1954592615365982
0.3742227268222039,0.6155028276370789,0.7951807228915663,0.3283582089552239,0.4647887323943662,0.6191369606003753,0.2049124836921692
0.4985336989048283,0.6909868658874563,0.8604651162790697,0.37,0.5174825174825175,0.6801470588235294,0.19500501453876495
0.4035852411658812,0.672045776006172,0.8571428571428571,0.3127962085308057,0.4583333333333333,0.6358381502890174,0.1878635734319687
0.44217440045838363,0.6593413396062895,0.8292682926829268,0.34517766497461927,0.4874551971326165,0.6476190476190476,0.19517825543880463
0.45339106556736425,0.7173331455927907,0.8955223880597015,0.28846153846153844,0.43636363636363634,0.6302521008403361,0.16848033666610718
0.5145363849715282,0.6633699633699633,0.8095238095238095,0.3333333333333333,0.4722222222222222,0.6296296296296297,0.19293059408664703
0.49938538309499536,0.6553708439897699,0.8586956521739131,0.3969849246231156,0.5429553264604811,0.6966490299823633,0.20907750725746155
0.5174676395955425,0.6593825875823796,0.8817204301075269,0.3778801843317972,0.5290322580645161,0.6960950764006791,0.20759856700897217
0.4439479676530821,0.6714896214896215,0.8809523809523809,0.37185929648241206,0.5229681978798587,0.6915887850467289,0.1970626562833786
0.478037816240911,0.7143768337798189,0.9358974358974359,0.3492822966507177,0.5087108013937283,0.7005758157389635,0.1826508790254593
0.41303079800038767,0.6738958470665788,0.9324324324324325,0.32857142857142857,0.4859154929577465,0.6818181818181818,0.18258588016033173
0.4206094360183288,0.6297892720306514,0.8735632183908046,0.3470319634703196,0.49673202614379086,0.6701940035273368,0.20695848762989044
0.5264646422039939,0.6442255062944718,0.8380952380952381,0.43781094527363185,0.5751633986928104,0.7085346215780999,0.23000095784664154
0.47321816815118,0.6357436801881247,0.8666666666666667,0.37320574162679426,0.5217391304347826,0.6854130052724078,0.20843248069286346
0.34332135890549464,0.564620253164557,0.8227848101265823,0.3080568720379147,0.4482758620689655,0.6166982922201139,0.2038431465625763
0.41989578175775344,0.6618485869847032,0.881578947368421,0.32057416267942584,0.47017543859649125,0.6530214424951267,0.18645170331001282
0.5589963060784764,0.654126213592233,0.8543689320388349,0.42718446601941745,0.56957928802589,0.7119741100323624,0.22287210822105408
0.39402831363287305,0.6396072796934864,0.8850574712643678,0.3793103448275862,0.5310344827586206,0.6987295825771325,0.2089010775089264
0.44182132125187357,0.594224924012158,0.8351648351648352,0.36893203883495146,0.5117845117845118,0.6666666666666666,0.21670480072498322
0.5519315675833083,0.720646361311323,0.9021739130434783,0.40487804878048783,0.5589225589225589,0.7242582897033158,0.19984892010688782
0.5334475450540069,0.7255473584007616,0.8863636363636364,0.39195979899497485,0.5435540069686411,0.7078039927404719,0.1949957311153412
0.3455707035943532,0.5920920201294033,0.8615384615384616,0.25339366515837103,0.3916083916083916,0.5821205821205822,0.17772480845451355
0.39860306356920305,0.6315095583388266,0.8378378378378378,0.29245283018867924,0.43356643356643354,0.610236220472441,0.18732134997844696
0.40739416896988023,0.6496629504796473,0.8947368421052632,0.32075471698113206,0.4722222222222222,0.6589147286821705,0.1884322464466095
0.46616010782941886,0.6613705275924802,0.8352941176470589,0.3622448979591837,0.505338078291815,0.6623134328358209,0.19861437380313873
0.5018850544537781,0.7123115577889447,0.9,0.36548223350253806,0.51985559566787,0.6963249516441006,0.18479084968566895
0.4513010476776005,0.6628079732573975,0.8414634146341463,0.345,0.48936170212765956,0.6534090909090909,0.19409295916557312
0.4455743584125754,0.6200957574145498,0.821917808219178,0.29850746268656714,0.43795620437956206,0.6085192697768763,0.18429210782051086
0.366480896654565,0.6135443037974683,0.8481012658227848,0.319047619047619,0.46366782006920415,0.6368821292775665,0.19917190074920654
0.4754655413957922,0.6449029693710544,0.8131868131868132,0.3523809523809524,0.49169435215946844,0.6445993031358885,0.20974525809288025
0.5478963914355863,0.7354607469071569,0.9354838709677419,0.42028985507246375,0.58,0.7512953367875648,0.20273664593696594
0.5298245585697446,0.7229788287730593,0.9390243902439024,0.3452914798206278,0.5049180327868853,0.6987295825771325,0.1840289980173111
0.5036010489811165,0.7074010327022375,0.9156626506024096,0.35348837209302325,0.5100671140939598,0.6946983546617916,0.18934231996536255
0.39446719291601245,0.6136051876792618,0.9012345679012346,0.33181818181818185,0.4850498338870432,0.6709558823529411,0.2005194127559662
0.47305612725455903,0.7054578532443905,0.9058823529411765,0.3811881188118812,0.5365853658536586,0.7103321033210332,0.19345948100090027
0.4548721201440742,0.6407398481744788,0.8255813953488372,0.3397129186602871,0.48135593220338985,0.6419529837251357,0.20295479893684387
0.3956765919910888,0.6092608641822459,0.8414634146341463,0.3209302325581395,0.46464646464646464,0.6353591160220995,0.20250721275806427
0.43761837728655106,0.6176170429901774,0.8076923076923077,0.30434782608695654,0.4421052631578947,0.6069364161849711,0.19212523102760315
0.3683447437334458,0.5776228016979988,0.8352941176470589,0.3380952380952381,0.48135593220338985,0.6454545454545455,0.21009406447410583
0.5542024761039936,0.6952698605215282,0.8823529411764706,0.3605769230769231,0.5119453924914675,0.6843065693430657,0.19095663726329803
0.42440155067512003,0.649519890260631,0.8148148148148148,0.3384615384615385,0.4782608695652174,0.6358381502890174,0.19488410651683807
0.5149422096537103,0.687143723468769,0.8705882352941177,0.36097560975609755,0.5103448275862069,0.6788990825688074,0.1922791749238968
0.4603666859306749,0.6637355973317162,0.8470588235294118,0.36363636363636365,0.508833922261484,0.6691449814126395,0.19861173629760742
0.43544984688518196,0.6577124183006535,0.84,0.3118811881188119,0.4548736462093863,0.6274900398406374,0.18373464047908783
0.48658582014246793,0.7333423618634887,0.8873239436619719,0.3073170731707317,0.45652173913043476,0.6441717791411042,0.16966509819030762
0.5049558026231469,0.6712639858203168,0.9019607843137255,0.44878048780487806,0.5993485342019544,0.7504078303425775,0.2261977642774582
0.43781686197457614,0.6617556023275969,0.8414634146341463,0.3612565445026178,0.5054945054945055,0.6647398843930635,0.19572433829307556
0.4160872922828938,0.6147741147741148,0.8571428571428571,0.3364485981308411,0.48322147651006714,0.6545454545454545,0.20334525406360626
0.4828814845911938,0.6767241379310345,0.896551724137931,0.38613861386138615,0.5397923875432526,0.7090909090909091,0.1987801492214203
0.35448861330136683,0.6498169529709941,0.8955223880597015,0.2926829268292683,0.4411764705882353,0.6342494714587738,0.17577974498271942
0.45023893192885034,0.6779563719862227,0.8846153846153846,0.3484848484848485,0.5,0.6764705882352942,0.18714891374111176
0.49200931446586915,0.6748572108519753,0.8636363636363636,0.38578680203045684,0.5333333333333333,0.692167577413479,0.20059096813201904
0.4318062931488189,0.6453819068255688,0.7605633802816901,0.27,0.3985239852398524,0.5578512396694215,0.17897868156433105
0.391777255641669,0.6408478091781177,0.8289473684210527,0.3298429319371728,0.47191011235955055,0.6363636363636364,0.19052451848983765
0.4965778080479594,0.6721894204120978,0.8953488372093024,0.35648148148148145,0.5099337748344371,0.6875,0.1972505748271942
0.5523663768231544,0.6803910293271995,0.8829787234042553,0.40096618357487923,0.5514950166112956,0.7118353344768439,0.2061816304922104
0.4159928094475436,0.6345554308517272,0.8271604938271605,0.34536082474226804,0.48727272727272725,0.6467181467181468,0.1975007951259613
0.5004138766547429,0.7093037974683545,0.8860759493670886,0.3448275862068966,0.49645390070921985,0.674373795761079,0.18259650468826294
0.4374886863566675,0.6291307471264369,0.8160919540229885,0.3397129186602871,0.4797297297297297,0.6373429084380611,0.20634576678276062
0.41554823440903804,0.6304976503193156,0.8255813953488372,0.36787564766839376,0.5089605734767025,0.6610800744878957,0.20625022053718567
0.44717815650780435,0.7354531227770664,0.8939393939393939,0.28780487804878047,0.4354243542435424,0.6289978678038379,0.16278286278247833
0.41517904403447914,0.6866114561766735,0.855072463768116,0.2964824120603015,0.44029850746268656,0.6210526315789474,0.17189399898052216
0.5208867221522299,0.6599542334096109,0.8210526315789474,0.3786407766990291,0.5182724252491694,0.6655290102389079,0.21278835833072662
0.45406035127208133,0.6449795716231275,0.8170731707317073,0.32524271844660196,0.4652777777777778,0.6273408239700374,0.1944538652896881
0.46135115699248186,0.6522006392918613,0.7951807228915663,0.32673267326732675,0.4631578947368421,0.6179775280898876,0.19690480828285217
0.3740206549983922,0.6359223300970873,0.8767123287671232,0.31840796019900497,0.46715328467153283,0.6490872210953347,0.1867891103029251
0.4636612422337692,0.6275743707093822,0.8105263157894737,0.3684210526315789,0.506578947368421,0.6536502546689303,0.21809637546539307
0.539643121292607,0.6896188917465513,0.8791208791208791,0.39800995024875624,0.547945205479452,0.7079646017699115,0.2028234452009201
0.45012910343225254,0.627574233716475,0.8735632183908046,0.3470319634703196,0.49673202614379086,0.6701940035273368,0.206380695104599
0.4462379570556358,0.6650198819134835,0.8604651162790697,0.3627450980392157,0.5103448275862069,0.6751824817518248,0.20067676901817322
0.43400124671196205,0.6855716878402904,0.9342105263157895,0.3271889400921659,0.48464163822525597,0.6813819577735125,0.18338455259799957
0.4394441402980165,0.6214833759590793,0.8369565217391305,0.375609756097561,0.5185185185185185,0.6719022687609075,0.2148752212524414
0.513888387066522,0.7296698872785828,0.9027777777777778,0.3282828282828283,0.48148148148148145,0.668724279835391,0.17028310894966125
0.4605137257396771,0.6599053814311059,0.8202247191011236,0.37628865979381443,0.5159010600706714,0.6636363636363637,0.20567969977855682
0.4093147426947767,0.6444644464446444,0.8831168831168831,0.3285024154589372,0.4788732394366197,0.6601941747572816,0.19031542539596558
0.41945781710152613,0.6111611161116112,0.8051948051948052,0.2995169082125604,0.43661971830985913,0.6019417475728155,0.1910097748041153
0.5202910019041068,0.6828637147786083,0.8723404255319149,0.3961352657004831,0.5448504983388704,0.7032590051457976,0.20849202573299408
0.38199384824876925,0.647005444646098,0.8947368421052632,0.31627906976744186,0.46735395189003437,0.6551059730250481,0.19055162370204926
0.4462513218340434,0.6638603441871981,0.8536585365853658,0.33980582524271846,0.4861111111111111,0.6554307116104869,0.1940091997385025
0.3364936116226487,0.5585443037974683,0.7974683544303798,0.3073170731707317,0.44366197183098594,0.6046065259117083,0.20615054666996002
0.38222677471214733,0.6352254943804239,0.8484848484848485,0.27184466019417475,0.4117647058823529,0.5957446808510638,0.17316456139087677
0.4796468969828166,0.6248810090433127,0.8409090909090909,0.357487922705314,0.5016949152542373,0.6618962432915921,0.2047789990901947
0.41091004417122856,0.629004614370468,0.8108108108108109,0.31088082901554404,0.449438202247191,0.6134969325153374,0.18574731051921844
0.45022413935222466,0.6386708860759494,0.8227848101265823,0.30952380952380953,0.44982698961937717,0.6178707224334601,0.19130583107471466
0.5236204801237851,0.6886345242224534,0.9247311827956989,0.40186915887850466,0.5602605863192183,0.7337883959044369,0.20602846145629883
0.5091117295654461,0.6768438697318009,0.8275862068965517,0.36363636363636365,0.5052631578947369,0.6593406593406593,0.1969543993473053
0.4513179807732737,0.6448101265822785,0.7974683544303798,0.3197969543147208,0.45652173913043476,0.6140350877192983,0.19072583317756653
0.49177266767963423,0.6718331419823957,0.8205128205128205,0.34972677595628415,0.4904214559386973,0.6464646464646465,0.18511173129081726
0.3992399987071006,0.5863394441159078,0.7303370786516854,0.34574468085106386,0.4693140794223827,0.5974264705882353,0.2183603048324585
0.38213439942777827,0.6020100502512563,0.8375,0.3175355450236967,0.46048109965635736,0.6308851224105462,0.20005834102630615
0.37729844176888033,0.6420639219934995,0.8591549295774648,0.29901960784313725,0.44363636363636366,0.625,0.18193760514259338
0.4264371630609075,0.6686755146262189,0.8732394366197183,0.30097087378640774,0.44765342960288806,0.6326530612244898,0.17734357714653015
0.42853968221030875,0.658731214257215,0.8767123287671232,0.3062200956937799,0.45390070921985815,0.6387225548902196,0.18133777379989624
0.4475796134368919,0.6578002393935364,0.821917808219178,0.3225806451612903,0.46332046332046334,0.6276150627615062,0.1790800541639328
0.48789382158370653,0.6485720892588739,0.8602150537634409,0.37735849056603776,0.5245901639344263,0.684931506849315,0.21161217987537384
0.3738847879066165,0.6327620303230059,0.8108108108108109,0.29411764705882354,0.4316546762589928,0.6,0.18841570615768433
0.4824796353452605,0.6366255144032922,0.8,0.35294117647058826,0.4897959183673469,0.6382978723404256,0.20755496621131897
0.5187241822670497,0.692854665279223,0.8387096774193549,0.4020618556701031,0.5435540069686411,0.6890459363957597,0.2070261836051941
0.5287246392170285,0.7196664749856237,0.9148936170212766,0.41346153846153844,0.5695364238410596,0.7363013698630136,0.2039366215467453
0.47166600902481354,0.6657007687758723,0.8539325842696629,0.41304347826086957,0.5567765567765568,0.7037037037037037,0.20693562924861908
0.40644884498702244,0.6687059449394867,0.9041095890410958,0.32195121951219513,0.4748201438848921,0.6639839034205232,0.1826210618019104
0.4866350923682471,0.6559826485118689,0.8488372093023255,0.35609756097560974,0.5017182130584192,0.6648451730418944,0.19950246810913086
0.4015909718915869,0.6343921418548284,0.8717948717948718,0.3192488262910798,0.46735395189003437,0.6476190476190476,0.19272124767303467
0.3883209572651268,0.6734989648033127,0.9130434782608695,0.3165829145728643,0.4701492537313433,0.6631578947368421,0.1754917949438095
0.4386396805123641,0.6227309515550931,0.8387096774193549,0.39,0.5324232081911263,0.6818181818181818,0.21729165315628052
0.5240260372459138,0.7499064721286943,0.9382716049382716,0.37073170731707317,0.5314685314685315,0.718336483931947,0.18015579879283905
0.5290540167092012,0.6497139588100687,0.8631578947368421,0.3867924528301887,0.5342019543973942,0.6925675675675675,0.2112044394016266
0.5030929866700187,0.6514104452248782,0.845360824742268,0.38497652582159625,0.5290322580645161,0.6821963394342762,0.2168290913105011
0.4684693039349662,0.664272030651341,0.8620689655172413,0.3640776699029126,0.5119453924914675,0.6768953068592057,0.20172643661499023
0.4938550565363466,0.6902665397429796,0.875,0.385,0.5347222222222222,0.697463768115942,0.19904769957065582
0.4654226906239983,0.6876129654175203,0.9069767441860465,0.3880597014925373,0.5435540069686411,0.7155963302752294,0.1987307369709015
0.5089152194077451,0.6889367816091954,0.9080459770114943,0.3607305936073059,0.5163398692810458,0.6966490299823633,0.19648493826389313
0.5211904668391627,0.6971085197524987,0.875,0.3869346733668342,0.5365853658536586,0.6987295825771325,0.19676782190799713
0.45912967020672624,0.6327472253398179,0.7901234567901234,0.32160804020100503,0.45714285714285713,0.6118546845124283,0.19484685361385345
0.5391273434002721,0.6512438967681934,0.782608695652174,0.36,0.4931506849315068,0.6338028169014085,0.20729520916938782
0.4364563147749374,0.6170588235294118,0.8,0.2912621359223301,0.42704626334519574,0.5928853754940712,0.18623188138008118
0.40753625620211564,0.6068606321839081,0.7816091954022989,0.3469387755102041,0.48056537102473496,0.625,0.21059951186180115
0.43045707006060063,0.6105425987624941,0.8068181818181818,0.3622448979591837,0.5,0.6478102189781022,0.2087414413690567
0.33628091365334123,0.5597916934550597,0.8051948051948052,0.29523809523809524,0.43205574912891986,0.5984555984555985,0.2038636952638626
0.3798335564922791,0.5765312310491206,0.8117647058823529,0.3484848484848485,0.4876325088339223,0.6412639405204461,0.21186189353466034
0.5575195792514219,0.7249241964827169,0.8823529411764706,0.3787878787878788,0.5300353356890459,0.6970260223048327,0.18880786001682281
0.45599467156039536,0.6324691932108811,0.9021739130434783,0.3933649289099526,0.5478547854785478,0.7167530224525043,0.2138996124267578
0.5185314534592032,0.6917620137299771,0.8631578947368421,0.3886255924170616,0.5359477124183006,0.6937394247038917,0.2072284072637558
0.4303228142534284,0.6546398046398045,0.8571428571428571,0.36,0.5070422535211268,0.6716417910447762,0.1993652880191803
0.4457965284059164,0.6323417721518987,0.810126582278481,0.32,0.45878136200716846,0.6201550387596899,0.19164380431175232
0.43730730729774,0.6379909003831418,0.8505747126436781,0.3627450980392157,0.5085910652920962,0.6702898550724637,0.2060283124446869
0.48007902021379645,0.6557112068965517,0.8275862068965517,0.34951456310679613,0.49146757679180886,0.6498194945848376,0.20036859810352325
0.4722617829191972,0.7051562299087051,0.9090909090909091,0.33175355450236965,0.4861111111111111,0.674373795761079,0.18219365179538727
0.39996671402838935,0.58777189888301,0.8333333333333334,0.3488372093023256,0.4918032786885246,0.6521739130434783,0.21680808067321777
0.48141976250785035,0.6880658436213993,0.9,0.3875598086124402,0.5418060200668896,0.7117750439367311,0.20319011807441711
0.5075344030007428,0.7014384066879764,0.927710843373494,0.34375,0.501628664495114,0.6924460431654677,0.19082747399806976
0.4522256979219586,0.6595956909163452,0.8493150684931506,0.2995169082125604,0.44285714285714284,0.6212424849699398,0.17966467142105103
0.5298583576994967,0.6935956703123238,0.8775510204081632,0.4236453201970443,0.5714285714285714,0.7226890756302521,0.21287435293197632
0.4433305967597123,0.6238695859114708,0.8181818181818182,0.3564356435643564,0.496551724137931,0.6498194945848376,0.20767401158809662
0.36305783660098484,0.5988996242619431,0.7638888888888888,0.2777777777777778,0.4074074074074074,0.565843621399177,0.18632708489894867
0.4370000312395628,0.6269510926118627,0.8817204301075269,0.37962962962962965,0.5307443365695793,0.6972789115646258,0.21807198226451874
0.43219949612307873,0.6590597331338073,0.8271604938271605,0.32682926829268294,0.46853146853146854,0.6332703213610587,0.19414399564266205
0.5043219692804937,0.6874039030159668,0.898876404494382,0.3791469194312796,0.5333333333333333,0.7054673721340388,0.20107664167881012
0.5269429464059794,0.6973813621834277,0.8674698795180723,0.3444976076555024,0.4931506849315068,0.6654343807763401,0.18905682861804962
0.46888956184560526,0.6688326624496838,0.8723404255319149,0.41624365482233505,0.563573883161512,0.7155322862129145,0.21194157004356384
0.41771776065355315,0.6224683544303797,0.8227848101265823,0.32019704433497537,0.46099290780141844,0.626204238921002,0.19544342160224915
0.4362887531637142,0.6386294724075197,0.8352941176470589,0.35678391959798994,0.5,0.6586270871985158,0.20346969366073608
0.524516718318718,0.6818707365013297,0.8924731182795699,0.37727272727272726,0.5303514376996805,0.7010135135135135,0.20470619201660156
0.4948462061700762,0.709108040201005,0.8625,0.3382352941176471,0.4859154929577465,0.6583969465648855,0.18548567593097687
0.4930908121721204,0.6680851063829787,0.8723404255319149,0.4,0.5484949832775919,0.7056798623063684,0.21230913698673248
0.5200438059053473,0.708699843354621,0.8953488372093024,0.3793103448275862,0.532871972318339,0.7038391224862889,0.1921834796667099
0.43203821457264746,0.6588394393902139,0.9036144578313253,0.3588516746411483,0.5136986301369864,0.6931608133086876,0.19777405261993408
0.5312061918182154,0.6633057663985499,0.8247422680412371,0.3902439024390244,0.5298013245033113,0.6745362563237775,0.21374839544296265
0.3704943997793953,0.5835797865500836,0.8311688311688312,0.3076923076923077,0.44912280701754387,0.6201550387596899,0.19820469617843628
0.43616901567757493,0.6347483323226197,0.8352941176470589,0.3397129186602871,0.48299319727891155,0.6466302367941712,0.20265652239322662
0.40872540468036234,0.6685990338164252,0.9130434782608695,0.2985781990521327,0.45,0.6468172484599589,0.17470818758010864
0.3787499760854368,0.6116213802780968,0.8589743589743589,0.32057416267942584,0.46689895470383275,0.6429942418426103,0.19623664021492004
0.5280377790927248,0.7002119965082928,0.9259259259259259,0.3605769230769231,0.5190311418685121,0.7048872180451128,0.18523049354553223
0.5355600081604347,0.672251616696061,0.8888888888888888,0.3669724770642202,0.5194805194805194,0.6920415224913494,0.20049405097961426
0.556451146698878,0.7003032140691328,0.8235294117647058,0.33816425120772947,0.4794520547945205,0.6398537477148081,0.1906614750623703
0.4117119583447181,0.661559696342305,0.8985507246376812,0.29245283018867924,0.4412811387900356,0.6352459016393442,0.17555584013462067
0.4112434851618664,0.6832340195016251,0.9014084507042254,0.3248730964467005,0.47761194029850745,0.6652806652806653,0.17708197236061096
0.4752410704144101,0.6603015075376883,0.85,0.3383084577114428,0.48398576512455516,0.6525911708253359,0.18980340659618378
0.435868204991806,0.6397711199691398,0.8571428571428571,0.3142857142857143,0.45993031358885017,0.637065637065637,0.1890495866537094
0.4918607720348271,0.7022072577628132,0.8888888888888888,0.36363636363636365,0.5161290322580645,0.6896551724137931,0.18600007891654968
0.4320178494699551,0.609847553479223,0.8433734939759037,0.34146341463414637,0.4861111111111111,0.6517690875232774,0.20150300860404968
0.44028174699704176,0.65869768529343,0.9010989010989011,0.39805825242718446,0.5521885521885522,0.7192982456140351,0.20939436554908752
0.45366508060186844,0.6079648150379563,0.8023255813953488,0.3415841584158416,0.4791666666666667,0.6318681318681318,0.2050722986459732
0.4628169617563468,0.6922793213671009,0.891566265060241,0.36633663366336633,0.519298245614035,0.6928838951310862,0.19329576194286346
0.5469851905248715,0.6643956043956043,0.875,0.4252336448598131,0.5723270440251572,0.7222222222222222,0.2230563908815384
0.5303658645645486,0.6938339438339438,0.8690476190476191,0.33796296296296297,0.4866666666666667,0.6612318840579711,0.19083072245121002
0.37869789540765075,0.6510457516339869,0.88,0.3173076923076923,0.4664310954063604,0.6496062992125984,0.18866808712482452
0.5236592391768353,0.6843588269120184,0.9042553191489362,0.40865384615384615,0.5629139072847682,0.7277397260273972,0.2080322802066803
0.4794372742834745,0.6881886839172959,0.8536585365853658,0.3465346534653465,0.49295774647887325,0.660377358490566,0.18912117183208466
0.4910355332441234,0.669120184013801,0.8297872340425532,0.4,0.5397923875432526,0.6830122591943958,0.21167084574699402
0.4722856444219006,0.6704701334330965,0.8765432098765432,0.3271889400921659,0.47651006711409394,0.6561922365988909,0.19141076505184174
0.4438419009183135,0.6743589743589744,0.8928571428571429,0.3588516746411483,0.5119453924914675,0.6880733944954128,0.19740380346775055
0.4415719861052912,0.6513431013431014,0.8571428571428571,0.34615384615384615,0.4931506849315068,0.6617647058823529,0.19932863116264343
0.42501403924851133,0.6382179280730005,0.7638888888888888,0.26570048309178745,0.3942652329749104,0.5555555555555556,0.18226172029972076
0.47176806681786804,0.7123706197780271,0.9382716049382716,0.37623762376237624,0.5371024734982333,0.7224334600760456,0.18747685849666595
0.39559233997925813,0.6141727261130246,0.8461538461538461,0.3283582089552239,0.4731182795698925,0.6432748538011696,0.19501836597919464
